date;close;open;high;low
29/8/2025;6460.26;6489.28;6491.76;6444.57
28/8/2025;6501.86;6483.84;6508.23;6466.96
27/8/2025;6481.4;6462.26;6487.06;6457.84
26/8/2025;6465.94;6435.49;6468.37;6429.21
25/8/2025;6439.32;6457.67;6466.89;6438.06
22/8/2025;6466.91;6384.59;6478.89;6384.59
21/8/2025;6370.17;6380.83;6393.65;6352.71
20/8/2025;6395.78;6406.62;6408.4;6343.86
19/8/2025;6411.37;6446.24;6456.48;6400.22
18/8/2025;6449.15;6445.02;6455.35;6437.7
15/8/2025;6449.8;6477.38;6481.34;6441.85
14/8/2025;6468.54;6453.46;6473.92;6441.07
13/8/2025;6466.58;6462.67;6480.28;6445.02
12/8/2025;6445.76;6395.17;6446.55;6385.76
11/8/2025;6373.45;6389.67;6407.25;6364.06
8/8/2025;6389.45;6355.22;6395.16;6355.22
7/8/2025;6340;6374.32;6389.71;6310.32
6/8/2025;6345.06;6309.3;6352.83;6301.11
5/8/2025;6299.19;6336.63;6346;6289.37
4/8/2025;6329.94;6271.71;6330.69;6271.71
1/8/2025;6238.01;6287.28;6287.28;6212.69
31/7/2025;6339.39;6427.02;6427.02;6327.64
30/7/2025;6362.9;6381.23;6396.54;6336.38
29/7/2025;6370.86;6405.62;6409.26;6363.92
28/7/2025;6389.77;6397.69;6401.07;6375.79
25/7/2025;6388.64;6370.01;6395.82;6368.53
24/7/2025;6363.35;6368.6;6381.31;6360.57
23/7/2025;6358.91;6326.9;6360.64;6317.49
22/7/2025;6309.62;6306.6;6316.12;6281.71
21/7/2025;6305.6;6304.74;6336.08;6303.79
18/7/2025;6296.79;6312.95;6315.61;6285.27
17/7/2025;6297.36;6263.4;6304.69;6262.27
16/7/2025;6263.7;6254.5;6268.12;6201.59
15/7/2025;6243.76;6295.29;6302.04;6241.68
14/7/2025;6268.56;6255.15;6273.31;6239.22
11/7/2025;6259.75;6255.68;6269.44;6237.6
10/7/2025;6280.46;6266.8;6290.22;6251.44
9/7/2025;6263.26;6243.33;6269.16;6231.43
8/7/2025;6225.52;6234.03;6242.7;6217.75
7/7/2025;6229.98;6259.04;6262.07;6201
3/7/2025;6279.35;6246.46;6284.65;6246.46
2/7/2025;6227.42;6193.88;6227.6;6188.29
1/7/2025;6198.01;6187.25;6210.78;6177.97
30/6/2025;6204.95;6193.36;6215.08;6174.97
27/6/2025;6173.07;6150.7;6187.68;6132.35
26/6/2025;6141.02;6112.09;6146.52;6107.27
25/6/2025;6092.16;6104.23;6108.51;6080.09
24/6/2025;6092.18;6061.21;6101.76;6059.25
23/6/2025;6025.17;5969.67;6028.77;5943.23
20/6/2025;5967.84;5999.67;6018.2;5952.56
18/6/2025;5980.87;5987.93;6018.25;5971.89
17/6/2025;5982.72;6012.15;6023.25;5974.8
16/6/2025;6033.11;6004;6050.83;6004
13/6/2025;5976.97;6000.56;6026.16;5963.21
12/6/2025;6045.26;6009.9;6045.43;6003.88
11/6/2025;6022.24;6049.38;6059.4;6002.32
10/6/2025;6038.81;6009.91;6043.01;6000.28
9/6/2025;6005.88;6004.63;6021.31;5994.18
6/6/2025;6000.36;5987.06;6016.87;5978.63
5/6/2025;5939.3;5985.67;5999.7;5921.2
4/6/2025;5970.81;5978.94;5990.48;5966.11
3/6/2025;5970.37;5938.56;5981.35;5929
2/6/2025;5935.94;5896.68;5937.4;5861.43
30/5/2025;5911.69;5903.67;5922.14;5843.66
29/5/2025;5912.17;5939.96;5943.13;5873.8
28/5/2025;5888.55;5925.54;5939.92;5881.88
27/5/2025;5921.54;5854.07;5924.33;5854.07
23/5/2025;5802.82;5781.89;5829.51;5767.41
22/5/2025;5842.01;5841.26;5878.08;5825.82
21/5/2025;5844.61;5910.18;5938.37;5830.91
20/5/2025;5940.46;5944.66;5953.06;5909.26
19/5/2025;5963.6;5902.88;5968.61;5895.69
16/5/2025;5958.38;5929.09;5958.62;5907.36
15/5/2025;5916.93;5869.82;5924.21;5865.16
14/5/2025;5892.58;5896.74;5906.55;5872.11
13/5/2025;5886.55;5854.15;5906.64;5845.02
12/5/2025;5844.19;5807.2;5845.37;5786.08
9/5/2025;5659.91;5679.65;5691.69;5644.15
8/5/2025;5663.94;5663.6;5720.1;5635.38
7/5/2025;5631.28;5614.18;5654.73;5578.64
6/5/2025;5606.91;5605.87;5649.58;5586.04
5/5/2025;5650.38;5655.32;5683.38;5634.48
2/5/2025;5686.67;5645.88;5700.7;5642.28
1/5/2025;5604.14;5625.14;5658.91;5597.35
30/4/2025;5569.06;5499.44;5581.84;5433.24
29/4/2025;5560.83;5508.87;5571.95;5505.7
28/4/2025;5528.75;5529.22;5553.66;5468.64
25/4/2025;5525.21;5489.73;5528.11;5455.86
24/4/2025;5484.77;5381.38;5489.4;5371.96
23/4/2025;5375.86;5395.92;5469.69;5356.17
22/4/2025;5287.76;5207.67;5309.61;5207.67
21/4/2025;5158.2;5232.94;5232.94;5101.63
17/4/2025;5282.7;5305.45;5328.31;5255.58
16/4/2025;5275.7;5335.75;5367.24;5220.79
15/4/2025;5396.63;5411.99;5450.41;5386.44
14/4/2025;5405.97;5441.96;5459.46;5358.02
11/4/2025;5363.36;5255.56;5381.46;5220.77
10/4/2025;5268.05;5353.15;5353.15;5115.27
9/4/2025;5456.9;4965.28;5481.34;4948.43
8/4/2025;4982.77;5193.57;5267.47;4910.42
7/4/2025;5062.25;4953.79;5246.57;4835.04
4/4/2025;5074.08;5292.14;5292.14;5069.9
3/4/2025;5396.52;5492.74;5499.53;5390.83
2/4/2025;5670.97;5580.76;5695.31;5571.48
1/4/2025;5633.07;5597.53;5650.57;5558.52
31/3/2025;5611.85;5527.91;5627.56;5488.73
28/3/2025;5580.94;5679.2;5685.89;5572.42
27/3/2025;5693.31;5695.64;5732.28;5670.94
26/3/2025;5712.2;5771.66;5783.62;5694.41
25/3/2025;5776.65;5775.96;5786.95;5760.42
24/3/2025;5767.57;5718.08;5775.14;5718.08
21/3/2025;5667.56;5630.73;5670.84;5603.1
20/3/2025;5662.89;5646.92;5711.15;5632.33
19/3/2025;5675.29;5632.37;5715.33;5622.2
18/3/2025;5614.66;5654.53;5654.53;5597.76
17/3/2025;5675.12;5635.6;5703.52;5631.12
14/3/2025;5638.94;5563.85;5645.27;5563.85
13/3/2025;5521.52;5594.45;5597.78;5504.65
12/3/2025;5599.3;5624.84;5642.19;5546.09
11/3/2025;5572.07;5603.65;5636.3;5528.41
10/3/2025;5614.56;5705.37;5705.37;5564.02
7/3/2025;5770.2;5726.01;5783.01;5666.29
6/3/2025;5738.52;5785.87;5812.08;5711.64
5/3/2025;5842.63;5781.36;5860.59;5742.35
4/3/2025;5778.15;5811.98;5865.08;5732.59
3/3/2025;5849.72;5968.33;5986.09;5810.91
28/2/2025;5954.5;5856.74;5959.4;5837.66
27/2/2025;5861.57;5981.88;5993.69;5858.78
26/2/2025;5956.06;5970.87;6009.82;5932.69
25/2/2025;5955.25;5982.73;5992.65;5908.49
24/2/2025;5983.25;6026.69;6043.65;5977.83
21/2/2025;6013.13;6114.1;6114.82;6008.56
20/2/2025;6117.52;6134.5;6134.5;6084.59
19/2/2025;6144.15;6117.76;6147.43;6111.15
18/2/2025;6129.58;6121.6;6129.63;6099.51
14/2/2025;6114.63;6115.52;6127.47;6107.62
13/2/2025;6115.07;6060.59;6116.91;6050.95
12/2/2025;6051.97;6025.08;6063;6003
11/2/2025;6068.5;6049.32;6076.28;6042.34
10/2/2025;6066.44;6046.4;6073.38;6044.84
7/2/2025;6025.99;6083.13;6101.28;6019.96
6/2/2025;6083.57;6072.22;6084.03;6046.83
5/2/2025;6061.48;6020.45;6062.86;6007.06
4/2/2025;6037.88;5998.14;6042.48;5990.87
3/2/2025;5994.57;5969.65;6022.13;5923.93
31/1/2025;6040.53;6096.79;6120.91;6030.93
30/1/2025;6071.17;6050.75;6086.64;6027.46
29/1/2025;6039.31;6057.7;6062.83;6012.96
28/1/2025;6067.7;6026.97;6074.54;5994.63
27/1/2025;6012.28;5969.04;6017.17;5962.92
24/1/2025;6101.24;6121.43;6128.18;6088.74
23/1/2025;6118.71;6076.32;6118.73;6074.67
22/1/2025;6086.37;6081.39;6100.81;6076.13
21/1/2025;6049.24;6014.12;6051.51;6006.88
17/1/2025;5996.66;5995.4;6014.96;5978.44
16/1/2025;5937.34;5963.61;5964.69;5930.72
15/1/2025;5949.91;5905.21;5960.61;5905.21
14/1/2025;5842.91;5859.27;5871.92;5805.42
13/1/2025;5836.22;5782.02;5838.61;5773.31
10/1/2025;5827.04;5890.35;5890.35;5807.78
8/1/2025;5918.25;5910.66;5927.89;5874.78
7/1/2025;5909.03;5993.26;6000.68;5890.68
6/1/2025;5975.38;5982.81;6021.04;5960.01
3/1/2025;5942.47;5891.07;5949.34;5888.66
2/1/2025;5868.55;5903.26;5935.09;5829.53
31/12/2024;5881.63;5919.74;5929.74;5868.86
30/12/2024;5906.94;5920.67;5940.79;5869.16
27/12/2024;5970.84;6006.17;6006.17;5932.95
26/12/2024;6037.59;6024.97;6049.75;6007.37
24/12/2024;6040.04;5984.63;6040.1;5981.44
23/12/2024;5974.07;5940.25;5978.25;5902.57
20/12/2024;5930.85;5842;5982.06;5832.3
19/12/2024;5867.08;5912.71;5935.52;5866.07
18/12/2024;5872.16;6047.65;6070.67;5867.79
17/12/2024;6050.61;6052.55;6057.68;6035.19
16/12/2024;6074.08;6063.79;6085.19;6059.14
13/12/2024;6051.09;6068.17;6078.58;6035.77
12/12/2024;6051.25;6074.29;6079.68;6051.25
11/12/2024;6084.19;6060.15;6092.59;6060.15
10/12/2024;6034.91;6057.59;6065.4;6029.89
9/12/2024;6052.85;6083.01;6088.51;6048.63
6/12/2024;6090.27;6081.38;6099.97;6079.98
5/12/2024;6075.11;6089.03;6094.55;6072.9
4/12/2024;6086.49;6069.39;6089.84;6061.06
3/12/2024;6049.88;6042.97;6052.07;6033.39
2/12/2024;6047.15;6040.11;6053.58;6035.33
29/11/2024;6032.38;6003.98;6044.17;6003.98
27/11/2024;5998.74;6014.11;6020.16;5984.87
26/11/2024;6021.63;6000.03;6025.42;5992.27
25/11/2024;5987.37;5992.28;6020.75;5963.91
22/11/2024;5969.34;5944.36;5972.9;5944.36
21/11/2024;5948.71;5940.58;5963.32;5887.26
20/11/2024;5917.11;5914.34;5920.67;5860.56
19/11/2024;5916.98;5870.05;5923.51;5855.29
18/11/2024;5893.62;5874.17;5908.12;5865.95
15/11/2024;5870.62;5912.79;5915.32;5853.01
14/11/2024;5949.17;5989.68;5993.88;5942.28
13/11/2024;5985.38;5985.75;6008.19;5965.91
12/11/2024;5983.99;6003.6;6009.92;5960.08
11/11/2024;6001.35;6008.86;6017.31;5986.69
8/11/2024;5995.54;5976.76;6012.45;5976.76
7/11/2024;5973.1;5947.21;5983.84;5947.21
6/11/2024;5929.04;5864.89;5936.14;5864.89
5/11/2024;5782.76;5722.43;5783.44;5722.1
4/11/2024;5712.69;5725.15;5741.43;5696.51
1/11/2024;5728.8;5723.22;5772.52;5723.22
31/10/2024;5705.45;5775.34;5775.34;5702.86
30/10/2024;5813.67;5832.65;5850.94;5811.28
29/10/2024;5832.92;5819.68;5847.19;5802.17
28/10/2024;5823.52;5833.93;5842.92;5823.08
25/10/2024;5808.12;5826.75;5862.82;5799.98
24/10/2024;5809.86;5817.8;5817.8;5784.92
23/10/2024;5797.42;5834.5;5834.85;5762.41
22/10/2024;5851.2;5832.7;5863.04;5821.17
21/10/2024;5853.98;5857.82;5866.92;5824.79
18/10/2024;5864.67;5859.43;5872.17;5846.11
17/10/2024;5841.47;5875.62;5878.46;5840.25
16/10/2024;5842.47;5816.58;5846.52;5808.34
15/10/2024;5815.26;5866.74;5870.36;5804.48
14/10/2024;5859.85;5829.81;5871.41;5829.57
11/10/2024;5815.03;5775.09;5822.13;5775.09
10/10/2024;5780.05;5778.36;5795.03;5764.76
9/10/2024;5792.04;5751.8;5796.8;5745.02
8/10/2024;5751.13;5719.14;5757.6;5714.56
7/10/2024;5695.94;5737.8;5739.34;5686.85
4/10/2024;5751.07;5737.48;5753.21;5702.83
3/10/2024;5699.94;5698.19;5718.78;5677.37
2/10/2024;5709.54;5698.14;5719.63;5674
1/10/2024;5708.75;5757.73;5757.73;5681.28
30/9/2024;5762.48;5726.52;5765.14;5703.53
27/9/2024;5738.17;5755.36;5763.78;5727.34
26/9/2024;5745.37;5762.22;5767.37;5721.01
25/9/2024;5722.26;5733.65;5741.03;5712.06
24/9/2024;5732.93;5727.66;5735.32;5698.99
23/9/2024;5718.57;5711.9;5725.36;5704.22
20/9/2024;5702.55;5709.64;5715.14;5674.49
19/9/2024;5713.64;5702.63;5733.57;5686.42
18/9/2024;5618.26;5641.68;5689.75;5615.08
17/9/2024;5634.58;5655.51;5670.81;5614.05
16/9/2024;5633.09;5615.21;5636.05;5604.53
13/9/2024;5626.02;5603.34;5636.27;5601.65
12/9/2024;5595.76;5557.48;5600.71;5535.5
11/9/2024;5554.13;5496.42;5560.41;5406.96
10/9/2024;5495.52;5490.51;5497.91;5441.72
9/9/2024;5471.05;5442.07;5484.2;5434.49
6/9/2024;5408.42;5507.33;5522.47;5402.62
5/9/2024;5503.41;5520.08;5546.3;5480.54
4/9/2024;5520.07;5506.68;5552.99;5503.66
3/9/2024;5528.93;5623.89;5623.89;5504.33
30/8/2024;5648.4;5612.74;5651.37;5581.79
29/8/2024;5591.96;5607.3;5646.95;5583.71
28/8/2024;5592.18;5624.51;5627.03;5560.95
27/8/2024;5625.8;5602.89;5631.18;5593.48
26/8/2024;5616.84;5639.66;5651.62;5602.34
23/8/2024;5634.61;5602.49;5641.82;5585.16
22/8/2024;5570.64;5637.77;5643.22;5560.95
21/8/2024;5620.85;5603.09;5632.68;5591.57
20/8/2024;5597.12;5602.88;5620.51;5585.5
19/8/2024;5608.25;5557.23;5608.3;5550.74
16/8/2024;5554.25;5530.5;5561.98;5525.17
15/8/2024;5543.22;5501.13;5546.23;5501.13
14/8/2024;5455.21;5442.36;5463.22;5415.91
13/8/2024;5434.43;5376.98;5436.5;5376.98
12/8/2024;5344.39;5351.88;5371.2;5324.37
9/8/2024;5344.16;5314.66;5358.67;5300.84
8/8/2024;5319.31;5252.57;5328.03;5233.85
7/8/2024;5199.5;5293.13;5330.64;5195.54
6/8/2024;5240.03;5206.42;5312.34;5193.56
5/8/2024;5186.33;5151.14;5250.89;5119.26
2/8/2024;5346.56;5376.63;5383.89;5302.03
1/8/2024;5446.68;5537.84;5566.16;5410.42
31/7/2024;5522.3;5505.59;5551.51;5493.75
30/7/2024;5436.44;5478.73;5489.46;5401.7
29/7/2024;5463.54;5476.55;5487.74;5444.44
26/7/2024;5459.1;5433.67;5488.32;5430.7
25/7/2024;5399.22;5428.7;5491.59;5390.95
24/7/2024;5427.13;5505.84;5508.04;5419.98
23/7/2024;5555.74;5565.3;5585.34;5550.9
22/7/2024;5564.41;5544.54;5570.36;5529.04
19/7/2024;5505;5543.37;5557.5;5497.04
18/7/2024;5544.59;5608.56;5614.05;5522.81
17/7/2024;5588.27;5610.07;5622.49;5584.81
16/7/2024;5667.2;5644.09;5669.67;5639.02
15/7/2024;5631.22;5638.16;5666.94;5614.75
12/7/2024;5615.35;5590.76;5655.56;5590.44
11/7/2024;5584.54;5635.21;5642.45;5576.53
10/7/2024;5633.91;5591.26;5635.39;5586.44
9/7/2024;5576.98;5584.24;5590.75;5574.57
8/7/2024;5572.85;5572.75;5583.11;5562.51
5/7/2024;5567.19;5537.91;5570.33;5531.63
3/7/2024;5537.02;5507.44;5539.27;5507.42
2/7/2024;5509.01;5461.84;5509.69;5458.43
1/7/2024;5475.09;5471.08;5479.55;5446.53
28/6/2024;5460.48;5488.48;5523.64;5451.12
27/6/2024;5482.87;5473.59;5490.81;5467.54
26/6/2024;5477.9;5460.71;5483.14;5451.87
25/6/2024;5469.3;5460.73;5472.88;5446.56
24/6/2024;5447.87;5459.58;5490.66;5447.59
21/6/2024;5464.62;5466.77;5478.31;5452.03
20/6/2024;5473.17;5499.99;5505.53;5455.56
18/6/2024;5487.03;5476.15;5490.38;5471.32
17/6/2024;5473.23;5431.11;5488.5;5420.4
14/6/2024;5431.6;5424.08;5432.39;5403.75
13/6/2024;5433.74;5441.93;5441.93;5402.51
12/6/2024;5421.03;5409.13;5447.25;5409.13
11/6/2024;5375.32;5353;5375.95;5327.25
10/6/2024;5360.79;5341.22;5365.79;5331.52
7/6/2024;5346.99;5343.81;5375.08;5331.33
6/6/2024;5352.96;5357.8;5362.35;5335.36
5/6/2024;5354.03;5314.48;5354.16;5297.64
4/6/2024;5291.34;5278.24;5298.8;5257.63
3/6/2024;5283.4;5297.15;5302.11;5234.32
31/5/2024;5277.51;5243.21;5280.33;5191.68
30/5/2024;5235.48;5259.77;5260.21;5222.1
29/5/2024;5266.95;5278.73;5282.27;5262.7
28/5/2024;5306.04;5315.91;5315.91;5280.89
24/5/2024;5304.72;5281.45;5311.65;5278.39
23/5/2024;5267.84;5340.26;5341.88;5256.93
22/5/2024;5307.01;5319.28;5323.18;5286.01
21/5/2024;5321.41;5298.69;5324.32;5297.87
20/5/2024;5308.13;5305.35;5325.32;5302.4
17/5/2024;5303.27;5303.1;5305.45;5283.59
16/5/2024;5297.1;5310.07;5325.49;5296.19
15/5/2024;5308.15;5263.26;5311.76;5263.26
14/5/2024;5246.68;5221.1;5250.37;5217.98
13/5/2024;5221.42;5233.08;5237.26;5211.16
10/5/2024;5222.68;5225.49;5239.66;5209.68
9/5/2024;5214.08;5189.03;5215.3;5180.41
8/5/2024;5187.67;5168.98;5191.95;5165.86
7/5/2024;5187.7;5187.2;5200.23;5178.96
6/5/2024;5180.74;5142.42;5181;5142.42
3/5/2024;5127.79;5122.78;5139.12;5101.22
2/5/2024;5064.2;5049.32;5073.21;5011.05
1/5/2024;5018.39;5029.03;5096.12;5013.45
30/4/2024;5035.69;5103.78;5110.83;5035.31
29/4/2024;5116.17;5114.13;5123.49;5088.65
26/4/2024;5099.96;5084.65;5114.62;5073.14
25/4/2024;5048.42;5019.88;5057.75;4990.58
24/4/2024;5071.63;5084.86;5089.48;5047.02
23/4/2024;5070.55;5028.85;5076.12;5027.96
22/4/2024;5010.6;4987.33;5038.84;4969.4
19/4/2024;4967.23;5005.44;5019.02;4953.56
18/4/2024;5011.12;5031.52;5056.66;5001.89
17/4/2024;5022.21;5068.97;5077.96;5007.25
16/4/2024;5051.41;5064.59;5079.84;5039.83
15/4/2024;5061.82;5149.67;5168.43;5052.47
12/4/2024;5123.41;5171.51;5175.03;5107.94
11/4/2024;5199.06;5172.95;5211.78;5138.77
10/4/2024;5160.64;5167.88;5178.43;5138.7
9/4/2024;5209.91;5217.03;5224.81;5160.78
8/4/2024;5202.39;5211.37;5219.57;5197.35
5/4/2024;5204.34;5158.95;5222.18;5157.21
4/4/2024;5147.21;5244.05;5256.59;5146.06
3/4/2024;5211.49;5194.37;5228.75;5194.37
2/4/2024;5205.81;5204.29;5208.34;5184.05
1/4/2024;5243.77;5257.97;5263.95;5229.2
28/3/2024;5254.35;5248.03;5264.85;5245.82
27/3/2024;5248.49;5226.31;5249.26;5213.92
26/3/2024;5203.58;5228.85;5235.16;5203.42
25/3/2024;5218.19;5219.52;5229.09;5216.09
22/3/2024;5234.18;5242.48;5246.09;5229.87
21/3/2024;5241.53;5253.43;5261.1;5240.66
20/3/2024;5224.62;5181.69;5226.19;5171.55
19/3/2024;5178.51;5139.09;5180.31;5131.59
18/3/2024;5149.42;5154.77;5175.6;5145.47
15/3/2024;5117.09;5123.31;5136.86;5104.35
14/3/2024;5150.48;5175.14;5176.85;5123.3
13/3/2024;5165.31;5173.49;5179.14;5151.88
12/3/2024;5175.27;5134.3;5179.87;5114.48
11/3/2024;5117.94;5111.96;5124.66;5091.14
8/3/2024;5123.69;5164.46;5189.26;5117.5
7/3/2024;5157.36;5132.38;5165.62;5128.21
6/3/2024;5104.76;5108.03;5127.97;5092.22
5/3/2024;5078.65;5110.52;5114.54;5056.82
4/3/2024;5130.95;5130.99;5149.67;5127.18
1/3/2024;5137.08;5098.51;5140.33;5094.16
29/2/2024;5096.27;5085.36;5104.99;5061.89
28/2/2024;5069.76;5067.2;5077.37;5058.35
27/2/2024;5078.18;5074.6;5080.69;5057.29
26/2/2024;5069.53;5093;5097.66;5068.91
23/2/2024;5088.8;5100.92;5111.06;5081.46
22/2/2024;5087.03;5038.83;5094.39;5038.83
21/2/2024;4981.8;4963.03;4983.21;4946
20/2/2024;4975.51;4989.32;4993.71;4955.02
16/2/2024;5005.57;5031.13;5038.7;4999.52
15/2/2024;5029.73;5003.14;5032.72;4999.44
14/2/2024;5000.62;4976.44;5002.52;4956.45
13/2/2024;4953.17;4967.94;4971.3;4920.31
12/2/2024;5021.84;5026.83;5048.39;5016.83
9/2/2024;5026.61;5004.17;5030.06;5000.34
8/2/2024;4997.91;4995.16;5000.4;4987.09
7/2/2024;4995.06;4973.05;4999.89;4969.05
6/2/2024;4954.23;4950.16;4957.77;4934.88
5/2/2024;4942.81;4957.19;4957.19;4918.09
2/2/2024;4958.61;4916.06;4975.29;4907.99
1/2/2024;4906.19;4861.11;4906.97;4853.52
31/1/2024;4845.65;4899.19;4906.75;4845.15
30/1/2024;4924.97;4925.89;4931.09;4916.27
29/1/2024;4927.93;4892.95;4929.31;4887.4
26/1/2024;4890.97;4888.91;4906.69;4881.47
25/1/2024;4894.16;4886.66;4898.15;4869.34
24/1/2024;4868.55;4888.56;4903.68;4865.94
23/1/2024;4864.6;4856.8;4866.48;4844.37
22/1/2024;4850.43;4853.42;4868.41;4844.05
19/1/2024;4839.81;4796.28;4842.07;4785.87
18/1/2024;4780.94;4760.1;4785.79;4740.57
17/1/2024;4739.21;4739.13;4744.23;4714.82
16/1/2024;4765.98;4772.35;4782.34;4747.12
12/1/2024;4783.83;4791.18;4802.4;4768.98
11/1/2024;4780.24;4792.13;4798.5;4739.58
10/1/2024;4783.45;4759.94;4790.8;4756.2
9/1/2024;4756.5;4741.93;4765.47;4730.35
8/1/2024;4763.54;4703.7;4764.54;4699.82
5/1/2024;4697.24;4690.57;4721.49;4682.11
4/1/2024;4688.68;4697.42;4726.78;4687.53
3/1/2024;4704.81;4725.07;4729.29;4699.71
2/1/2024;4742.83;4745.2;4754.33;4722.67
29/12/2023;4769.83;4782.88;4788.43;4751.99
28/12/2023;4783.35;4786.44;4793.3;4780.98
27/12/2023;4781.58;4773.45;4785.39;4768.9
26/12/2023;4774.75;4758.86;4784.72;4758.45
22/12/2023;4754.63;4753.92;4772.94;4736.77
21/12/2023;4746.75;4724.29;4748.71;4708.35
20/12/2023;4698.35;4764.73;4778.01;4697.82
19/12/2023;4768.37;4743.72;4768.69;4743.72
18/12/2023;4740.56;4725.58;4749.52;4725.58
15/12/2023;4719.19;4714.23;4725.53;4704.69
14/12/2023;4719.55;4721.04;4738.57;4694.34
13/12/2023;4707.09;4646.2;4709.69;4643.23
12/12/2023;4643.7;4618.3;4643.93;4608.09
11/12/2023;4622.44;4593.39;4623.71;4593.39
8/12/2023;4604.37;4576.2;4609.23;4574.06
7/12/2023;4585.59;4568.84;4590.92;4565.22
6/12/2023;4549.34;4586.23;4590.74;4546.5
5/12/2023;4567.18;4557.25;4578.56;4551.68
4/12/2023;4569.78;4564.37;4572.37;4546.72
1/12/2023;4594.63;4559.43;4599.39;4554.71
30/11/2023;4567.8;4554.87;4569.89;4537.24
29/11/2023;4550.58;4571.84;4587.64;4547.15
28/11/2023;4554.89;4545.55;4568.14;4540.51
27/11/2023;4550.43;4554.86;4560.52;4546.32
24/11/2023;4559.34;4555.84;4560.31;4552.8
22/11/2023;4556.62;4553.04;4568.43;4545.05
21/11/2023;4538.19;4538.77;4542.14;4525.51
20/11/2023;4547.38;4511.7;4557.11;4510.36
17/11/2023;4514.02;4509.55;4520.12;4499.66
16/11/2023;4508.24;4497.08;4511.99;4487.83
15/11/2023;4502.88;4505.3;4521.17;4495.31
14/11/2023;4495.7;4458.97;4508.67;4458.97
13/11/2023;4411.55;4406.66;4421.76;4393.82
10/11/2023;4415.24;4364.15;4418.03;4353.34
9/11/2023;4347.35;4391.41;4393.4;4343.94
8/11/2023;4382.78;4384.37;4391.2;4359.76
7/11/2023;4378.38;4366.21;4386.26;4355.41
6/11/2023;4365.98;4364.27;4372.21;4347.53
3/11/2023;4358.34;4334.23;4373.62;4334.23
2/11/2023;4317.78;4268.26;4319.72;4268.26
1/11/2023;4237.86;4201.27;4245.64;4197.74
31/10/2023;4193.8;4171.33;4195.55;4153.12
30/10/2023;4166.82;4139.39;4177.47;4132.94
27/10/2023;4117.37;4152.93;4156.7;4103.78
26/10/2023;4137.23;4175.99;4183.6;4127.9
25/10/2023;4186.77;4232.42;4232.42;4181.42
24/10/2023;4247.68;4235.79;4259.38;4219.43
23/10/2023;4217.04;4210.4;4255.84;4189.22
20/10/2023;4224.16;4273.85;4276.56;4223.03
19/10/2023;4278;4321.36;4339.54;4269.69
18/10/2023;4314.6;4357.35;4364.2;4303.84
17/10/2023;4373.2;4345.23;4393.57;4337.54
16/10/2023;4373.63;4342.37;4383.33;4342.37
13/10/2023;4327.78;4360.49;4377.1;4311.97
12/10/2023;4349.61;4380.94;4385.85;4325.43
11/10/2023;4376.95;4366.59;4378.64;4345.34
10/10/2023;4358.24;4339.75;4385.46;4339.64
9/10/2023;4335.66;4289.02;4341.73;4283.79
6/10/2023;4308.5;4234.79;4324.1;4219.55
5/10/2023;4258.19;4259.31;4267.13;4225.91
4/10/2023;4263.75;4233.83;4268.5;4220.48
3/10/2023;4229.45;4269.75;4281.15;4216.45
2/10/2023;4288.39;4284.52;4300.58;4260.21
29/9/2023;4288.05;4328.18;4333.15;4274.86
28/9/2023;4299.7;4269.65;4317.27;4264.38
27/9/2023;4274.51;4282.63;4292.07;4238.63
26/9/2023;4273.53;4312.88;4313.01;4265.98
25/9/2023;4337.44;4310.62;4338.51;4302.7
22/9/2023;4320.06;4341.74;4357.4;4316.49
21/9/2023;4330;4374.36;4375.7;4329.17
20/9/2023;4402.2;4452.81;4461.03;4401.38
19/9/2023;4443.95;4445.41;4449.85;4416.61
18/9/2023;4453.53;4445.13;4466.36;4442.11
15/9/2023;4450.32;4497.98;4497.98;4447.21
14/9/2023;4505.1;4487.78;4511.99;4478.69
13/9/2023;4467.44;4462.65;4479.39;4453.52
12/9/2023;4461.9;4473.27;4487.11;4456.83
11/9/2023;4487.46;4480.98;4490.77;4467.89
8/9/2023;4457.49;4451.3;4473.53;4448.38
7/9/2023;4451.14;4434.55;4457.81;4430.46
6/9/2023;4465.48;4490.35;4490.35;4442.38
5/9/2023;4496.83;4510.06;4514.29;4496.01
1/9/2023;4515.77;4530.6;4541.25;4501.35
31/8/2023;4507.66;4517.01;4532.26;4507.39
30/8/2023;4514.87;4500.34;4521.65;4493.59
29/8/2023;4497.63;4432.75;4500.14;4431.68
28/8/2023;4433.31;4426.03;4439.56;4414.98
25/8/2023;4405.71;4389.38;4418.46;4356.29
24/8/2023;4376.31;4455.16;4458.3;4375.55
23/8/2023;4436.01;4396.44;4443.18;4396.44
22/8/2023;4387.55;4415.33;4418.59;4382.77
21/8/2023;4399.77;4380.28;4407.55;4360.3
18/8/2023;4369.71;4344.88;4381.82;4335.31
17/8/2023;4370.36;4416.32;4421.17;4364.83
16/8/2023;4404.33;4433.79;4449.95;4403.55
15/8/2023;4437.86;4478.87;4478.87;4432.19
14/8/2023;4489.72;4458.13;4490.33;4453.44
11/8/2023;4464.05;4450.69;4476.23;4443.98
10/8/2023;4468.83;4487.16;4527.37;4457.92
9/8/2023;4467.71;4501.57;4502.44;4461.33
8/8/2023;4499.38;4498.03;4503.31;4464.39
7/8/2023;4518.44;4491.58;4519.84;4491.15
4/8/2023;4478.03;4513.96;4540.34;4474.55
3/8/2023;4501.89;4494.27;4519.49;4485.54
2/8/2023;4513.39;4550.93;4550.93;4505.75
1/8/2023;4576.73;4578.83;4584.62;4567.53
31/7/2023;4588.96;4584.82;4594.22;4573.14
28/7/2023;4582.23;4565.75;4590.16;4564.01
27/7/2023;4537.41;4598.26;4607.07;4528.56
26/7/2023;4566.75;4558.96;4582.47;4547.58
25/7/2023;4567.46;4555.19;4580.62;4552.42
24/7/2023;4554.64;4543.39;4563.41;4541.29
21/7/2023;4536.34;4550.16;4555;4535.79
20/7/2023;4534.87;4554.38;4564.74;4527.56
19/7/2023;4565.72;4563.87;4578.43;4557.48
18/7/2023;4554.98;4521.78;4562.3;4514.59
17/7/2023;4522.79;4508.86;4532.85;4504.9
14/7/2023;4505.42;4514.61;4527.76;4499.56
13/7/2023;4510.04;4491.5;4517.38;4489.36
12/7/2023;4472.16;4467.69;4488.34;4463.23
11/7/2023;4439.26;4415.55;4443.64;4408.46
10/7/2023;4409.53;4394.23;4412.6;4389.92
7/7/2023;4398.95;4404.54;4440.39;4397.4
6/7/2023;4411.59;4422.62;4422.62;4385.05
5/7/2023;4446.82;4442.04;4454.06;4436.61
3/7/2023;4455.59;4450.48;4456.46;4442.29
30/6/2023;4450.38;4422.44;4458.48;4422.44
29/6/2023;4396.44;4374.94;4398.39;4371.97
28/6/2023;4376.86;4367.48;4390.35;4360.22
27/6/2023;4378.41;4337.36;4384.42;4335
26/6/2023;4328.82;4344.84;4362.06;4328.08
23/6/2023;4348.33;4354.17;4366.55;4341.34
22/6/2023;4381.89;4355.4;4382.25;4351.82
21/6/2023;4365.69;4380.01;4386.22;4360.14
20/6/2023;4388.71;4396.11;4400.15;4367.19
16/6/2023;4409.59;4440.95;4448.47;4407.44
15/6/2023;4425.84;4365.33;4439.2;4362.6
14/6/2023;4372.59;4366.29;4391.82;4337.85
13/6/2023;4369.01;4352.61;4375.37;4349.31
12/6/2023;4338.93;4308.32;4340.13;4304.37
9/6/2023;4298.86;4304.88;4322.62;4291.7
8/6/2023;4293.93;4268.69;4298.01;4261.07
7/6/2023;4267.52;4285.47;4299.19;4263.96
6/6/2023;4283.85;4271.34;4288.33;4263.09
5/6/2023;4273.79;4282.99;4299.28;4266.82
2/6/2023;4282.37;4241.01;4290.67;4241.01
1/6/2023;4221.02;4183.03;4232.43;4171.64
31/5/2023;4179.83;4190.74;4195.44;4166.15
30/5/2023;4205.52;4226.71;4231.1;4192.18
26/5/2023;4205.45;4156.16;4212.87;4156.16
25/5/2023;4151.28;4155.71;4165.74;4129.73
24/5/2023;4115.24;4132.96;4132.96;4103.98
23/5/2023;4145.58;4176.8;4185.68;4142.54
22/5/2023;4192.63;4190.78;4209.22;4179.68
19/5/2023;4191.98;4204.15;4212.91;4180.2
18/5/2023;4198.05;4157.68;4202.2;4153.5
17/5/2023;4158.77;4122.85;4164.67;4113.62
16/5/2023;4109.9;4127.95;4135.54;4109.86
15/5/2023;4136.28;4126.65;4141.25;4110.27
12/5/2023;4124.08;4138.54;4143.74;4099.12
11/5/2023;4130.62;4132.24;4132.8;4109.29
10/5/2023;4137.64;4143.74;4154.28;4098.92
9/5/2023;4119.17;4124.25;4130.35;4116.65
8/5/2023;4138.12;4136.98;4142.3;4123.81
5/5/2023;4136.25;4084.73;4147.02;4084.73
4/5/2023;4061.22;4082.55;4082.61;4048.28
3/5/2023;4090.75;4122.25;4148.3;4088.86
2/5/2023;4119.58;4164.1;4164.1;4089.72
1/5/2023;4167.87;4166.79;4186.92;4164.12
28/4/2023;4169.48;4129.63;4170.06;4127.18
27/4/2023;4135.35;4075.29;4138.24;4075.29
26/4/2023;4055.99;4087.78;4089.67;4049.35
25/4/2023;4071.63;4126.43;4126.43;4071.38
24/4/2023;4137.04;4132.07;4142.41;4117.77
21/4/2023;4133.52;4132.14;4138.02;4113.86
20/4/2023;4129.79;4130.48;4148.57;4114.57
19/4/2023;4154.52;4139.33;4162.57;4134.49
18/4/2023;4154.87;4164.26;4169.48;4140.36
17/4/2023;4151.32;4137.17;4151.72;4123.18
14/4/2023;4137.64;4140.11;4163.19;4113.2
13/4/2023;4146.22;4100.04;4150.26;4099.4
12/4/2023;4091.95;4121.72;4134.37;4086.94
11/4/2023;4108.94;4110.29;4124.26;4102.61
10/4/2023;4109.11;4085.2;4109.5;4072.55
6/4/2023;4105.02;4081.15;4107.32;4069.84
5/4/2023;4090.38;4094.5;4099.69;4072.56
4/4/2023;4100.6;4128.03;4133.13;4086.87
3/4/2023;4124.51;4102.2;4127.66;4098.79
31/3/2023;4109.31;4056.18;4110.75;4056.18
30/3/2023;4050.83;4046.74;4057.85;4032.1
29/3/2023;4027.81;3999.53;4030.59;3999.53
28/3/2023;3971.27;3974.13;3979.2;3951.53
27/3/2023;3977.53;3982.93;4003.83;3970.49
24/3/2023;3970.99;3939.21;3972.74;3909.16
23/3/2023;3948.72;3959.21;4007.66;3919.05
22/3/2023;3936.97;4002.04;4039.49;3936.17
21/3/2023;4002.87;3975.89;4009.08;3971.19
20/3/2023;3951.57;3917.47;3956.62;3916.89
17/3/2023;3916.64;3958.69;3958.91;3901.27
16/3/2023;3960.28;3878.93;3964.46;3864.11
15/3/2023;3891.93;3876.74;3894.26;3838.24
14/3/2023;3919.29;3894.01;3937.29;3873.63
13/3/2023;3855.76;3835.12;3905.05;3808.86
10/3/2023;3861.59;3912.77;3934.05;3846.32
9/3/2023;3918.32;3998.66;4017.81;3908.7
8/3/2023;3992.01;3987.55;4000.41;3969.76
7/3/2023;3986.37;4048.26;4050;3980.31
6/3/2023;4048.42;4055.15;4078.49;4044.61
3/3/2023;4045.64;3998.02;4048.29;3995.17
2/3/2023;3981.35;3938.68;3990.84;3928.16
1/3/2023;3951.39;3963.34;3971.73;3939.05
28/2/2023;3970.15;3977.19;3997.5;3968.98
27/2/2023;3982.24;3992.36;4018.05;3973.55
24/2/2023;3970.04;3973.24;3978.25;3943.08
23/2/2023;4012.32;4018.6;4028.3;3969.19
22/2/2023;3991.05;4001.83;4017.37;3976.9
21/2/2023;3997.34;4052.35;4052.35;3995.19
17/2/2023;4079.09;4077.39;4081.51;4047.95
16/2/2023;4090.41;4114.75;4136.54;4089.49
15/2/2023;4147.6;4119.5;4148.11;4103.98
14/2/2023;4136.13;4126.7;4159.77;4095.01
13/2/2023;4137.29;4096.62;4138.9;4092.67
10/2/2023;4090.46;4068.92;4094.36;4060.79
9/2/2023;4081.5;4144.25;4156.23;4069.67
8/2/2023;4117.86;4153.47;4156.85;4111.67
7/2/2023;4164;4105.35;4176.54;4088.39
6/2/2023;4111.08;4119.57;4124.63;4093.38
3/2/2023;4136.48;4136.69;4182.36;4123.36
2/2/2023;4179.76;4158.68;4195.44;4141.88
1/2/2023;4119.21;4070.07;4148.95;4037.2
31/1/2023;4076.6;4020.85;4077.16;4020.44
30/1/2023;4017.77;4049.27;4063.85;4015.55
27/1/2023;4070.56;4053.72;4094.21;4048.7
26/1/2023;4060.43;4036.08;4061.57;4013.29
25/1/2023;4016.22;3982.71;4019.55;3949.06
24/1/2023;4016.95;4001.74;4023.92;3989.79
23/1/2023;4019.81;3978.14;4039.31;3971.64
20/1/2023;3972.61;3909.04;3972.96;3897.86
19/1/2023;3898.85;3911.84;3922.94;3885.54
18/1/2023;3928.86;4002.25;4014.16;3926.59
17/1/2023;3990.97;3999.28;4015.39;3984.57
13/1/2023;3999.09;3960.6;4003.95;3947.67
12/1/2023;3983.17;3977.57;3997.76;3937.56
11/1/2023;3969.61;3932.35;3970.07;3928.54
10/1/2023;3919.25;3888.57;3919.83;3877.29
9/1/2023;3892.09;3910.82;3950.57;3890.42
6/1/2023;3895.08;3823.37;3906.19;3809.56
5/1/2023;3808.1;3839.74;3839.74;3802.42
4/1/2023;3852.97;3840.36;3873.16;3815.77
3/1/2023;3824.14;3853.29;3878.46;3794.33
30/12/2022;3839.5;3829.06;3839.85;3800.34
29/12/2022;3849.28;3805.45;3858.19;3805.45
28/12/2022;3783.22;3829.56;3848.32;3780.78
27/12/2022;3829.25;3843.34;3846.65;3813.22
23/12/2022;3844.82;3815.11;3845.8;3797.01
22/12/2022;3822.39;3853.26;3853.26;3764.49
21/12/2022;3878.44;3839.49;3889.82;3839.49
20/12/2022;3821.62;3810.47;3838.24;3795.62
19/12/2022;3817.66;3853.79;3854.86;3800.04
16/12/2022;3852.36;3890.91;3890.91;3827.91
15/12/2022;3895.75;3958.37;3958.37;3879.45
14/12/2022;3995.32;4015.54;4053.76;3965.65
13/12/2022;4019.65;4069.38;4100.96;3993.03
12/12/2022;3990.56;3939.29;3990.71;3935.3
9/12/2022;3934.38;3954.17;3977.02;3933.04
8/12/2022;3963.51;3947.79;3974.19;3935.83
7/12/2022;3933.92;3933.28;3957.57;3922.68
6/12/2022;3941.26;3996.63;4001.51;3918.39
5/12/2022;3998.84;4052.02;4052.45;3984.49
2/12/2022;4071.7;4040.17;4080.48;4026.63
1/12/2022;4076.57;4087.14;4100.51;4050.87
30/11/2022;4080.11;3957.18;4080.11;3938.58
29/11/2022;3957.63;3964.19;3976.77;3937.65
28/11/2022;3963.94;4005.36;4012.27;3955.77
25/11/2022;4026.12;4023.34;4034.02;4020.76
23/11/2022;4027.26;4000.3;4033.78;3998.66
22/11/2022;4003.58;3965.51;4005.88;3956.88
21/11/2022;3949.94;3956.23;3962;3933.34
18/11/2022;3965.34;3966.39;3979.89;3935.98
17/11/2022;3946.56;3919.26;3954.33;3906.54
16/11/2022;3958.79;3976.82;3983.09;3954.34
15/11/2022;3991.73;4006.41;4028.84;3953.17
14/11/2022;3957.25;3977.97;4008.97;3956.4
11/11/2022;3992.93;3963.72;4001.48;3944.82
10/11/2022;3956.37;3859.89;3958.33;3859.89
9/11/2022;3748.57;3810.94;3818.2;3744.22
8/11/2022;3828.11;3817.02;3859.4;3786.28
7/11/2022;3806.8;3780.71;3813.95;3764.7
4/11/2022;3770.55;3766.98;3796.34;3708.84
3/11/2022;3719.89;3733.25;3750.59;3698.15
2/11/2022;3759.69;3852.9;3894.44;3758.68
1/11/2022;3856.1;3901.79;3911.79;3843.8
31/10/2022;3871.98;3881.85;3893.73;3863.18
28/10/2022;3901.06;3808.26;3905.42;3808.26
27/10/2022;3807.3;3834.69;3859.95;3803.79
26/10/2022;3830.6;3825.97;3886.15;3824.07
25/10/2022;3859.11;3799.44;3862.85;3799.44
24/10/2022;3797.34;3762.01;3810.74;3741.65
21/10/2022;3752.75;3657.1;3757.89;3647.42
20/10/2022;3665.78;3689.05;3736;3656.44
19/10/2022;3695.16;3703.11;3728.58;3666.51
18/10/2022;3719.98;3746.26;3762.79;3686.53
17/10/2022;3677.95;3638.65;3689.73;3638.65
14/10/2022;3583.07;3690.41;3712;3579.68
13/10/2022;3669.91;3520.37;3685.41;3491.58
12/10/2022;3577.03;3590.83;3608.34;3573.86
11/10/2022;3588.84;3595.86;3640.66;3568.45
10/10/2022;3612.39;3647.51;3652.17;3588.1
7/10/2022;3639.66;3706.74;3706.74;3620.73
6/10/2022;3744.52;3771.97;3797.93;3739.22
5/10/2022;3783.28;3753.25;3806.91;3722.66
4/10/2022;3790.93;3726.46;3791.92;3726.46
3/10/2022;3678.43;3609.78;3698.35;3604.93
30/9/2022;3585.62;3633.48;3671.44;3584.13
29/9/2022;3640.47;3687.01;3687.01;3610.4
28/9/2022;3719.04;3651.94;3736.74;3640.61
27/9/2022;3647.29;3686.44;3717.53;3623.29
26/9/2022;3655.04;3682.72;3715.67;3644.76
23/9/2022;3693.23;3727.14;3727.14;3647.47
22/9/2022;3757.99;3782.36;3790.9;3749.45
21/9/2022;3789.93;3871.4;3907.07;3789.49
20/9/2022;3855.93;3875.23;3876.01;3827.54
19/9/2022;3899.89;3849.91;3900.45;3838.5
16/9/2022;3873.33;3880.95;3880.95;3837.08
15/9/2022;3901.35;3932.41;3959.14;3888.28
14/9/2022;3946.01;3940.73;3961.94;3912.18
13/9/2022;3932.69;4037.12;4037.12;3921.28
12/9/2022;4110.41;4083.67;4119.28;4083.67
9/9/2022;4067.36;4022.94;4076.81;4022.94
8/9/2022;4006.18;3959.94;4010.5;3944.81
7/9/2022;3979.87;3909.43;3987.89;3906.03
6/9/2022;3908.19;3930.89;3942.55;3886.75
2/9/2022;3924.26;3994.66;4018.43;3906.21
1/9/2022;3966.85;3936.73;3970.23;3903.65
31/8/2022;3955;4000.67;4015.37;3954.53
30/8/2022;3986.16;4041.25;4044.98;3965.21
29/8/2022;4030.61;4034.58;4062.99;4017.42
26/8/2022;4057.66;4198.74;4203.04;4057.66
25/8/2022;4199.12;4153.26;4200.54;4147.59
24/8/2022;4140.77;4126.55;4156.56;4119.97
23/8/2022;4128.73;4133.09;4159.77;4124.03
22/8/2022;4137.99;4195.08;4195.08;4129.86
19/8/2022;4228.48;4266.31;4266.31;4218.7
18/8/2022;4283.74;4273.13;4292.53;4261.98
17/8/2022;4274.04;4280.4;4302.18;4253.08
16/8/2022;4305.2;4290.46;4325.28;4277.77
15/8/2022;4297.14;4269.37;4301.79;4256.9
12/8/2022;4280.15;4225.02;4280.47;4219.78
11/8/2022;4207.27;4227.4;4257.91;4201.41
10/8/2022;4210.24;4181.02;4211.03;4177.26
9/8/2022;4122.47;4133.11;4137.3;4112.09
8/8/2022;4140.06;4155.93;4186.62;4128.97
5/8/2022;4145.19;4115.87;4151.58;4107.31
4/8/2022;4151.94;4154.85;4161.29;4135.42
3/8/2022;4155.17;4107.96;4167.66;4107.96
2/8/2022;4091.19;4104.21;4140.47;4079.81
1/8/2022;4118.63;4112.38;4144.95;4096.02
29/7/2022;4130.29;4087.33;4140.15;4079.22
28/7/2022;4072.43;4026.13;4078.95;3992.97
27/7/2022;4023.61;3951.43;4039.56;3951.43
26/7/2022;3921.05;3953.22;3953.22;3910.74
25/7/2022;3966.84;3965.72;3975.3;3943.46
22/7/2022;3961.63;3998.43;4012.44;3938.86
21/7/2022;3998.95;3955.47;3999.29;3927.64
20/7/2022;3959.9;3935.32;3974.13;3922.03
19/7/2022;3936.69;3860.73;3939.81;3860.73
18/7/2022;3830.85;3883.79;3902.44;3818.63
15/7/2022;3863.16;3818;3863.62;3817.18
14/7/2022;3790.38;3763.99;3796.41;3721.56
13/7/2022;3801.78;3779.67;3829.44;3759.07
12/7/2022;3818.8;3851.95;3873.41;3802.36
11/7/2022;3854.43;3880.94;3880.94;3847.22
8/7/2022;3899.38;3888.26;3918.5;3869.34
7/7/2022;3902.62;3858.85;3910.63;3858.85
6/7/2022;3845.08;3831.98;3870.91;3809.37
5/7/2022;3831.39;3792.61;3832.19;3742.06
1/7/2022;3825.33;3781;3829.82;3752.1
30/6/2022;3785.38;3785.99;3818.99;3738.67
29/6/2022;3818.83;3825.09;3836.5;3799.02
28/6/2022;3821.55;3913;3945.86;3820.14
27/6/2022;3900.11;3920.76;3927.72;3889.66
24/6/2022;3911.74;3821.75;3913.65;3821.75
23/6/2022;3795.73;3774.71;3802.58;3743.52
22/6/2022;3759.89;3733.89;3801.79;3717.69
21/6/2022;3764.79;3715.31;3779.65;3715.31
17/6/2022;3674.84;3665.9;3707.71;3636.87
16/6/2022;3666.77;3728.18;3728.18;3639.77
15/6/2022;3789.99;3764.05;3837.56;3722.3
14/6/2022;3735.48;3763.52;3778.18;3705.68
13/6/2022;3749.63;3838.15;3838.15;3734.3
10/6/2022;3900.86;3974.39;3974.39;3900.16
9/6/2022;4017.82;4101.65;4119.1;4017.17
8/6/2022;4115.77;4147.12;4160.14;4107.2
7/6/2022;4160.68;4096.47;4164.86;4080.19
6/6/2022;4121.43;4134.72;4168.78;4109.18
3/6/2022;4108.54;4137.57;4142.67;4098.67
2/6/2022;4176.82;4095.41;4177.51;4074.37
1/6/2022;4101.23;4149.78;4166.54;4073.85
31/5/2022;4132.15;4151.09;4168.34;4104.88
27/5/2022;4158.24;4077.43;4158.49;4077.43
26/5/2022;4057.84;3984.6;4075.14;3984.6
25/5/2022;3978.73;3929.59;3999.33;3925.03
24/5/2022;3941.48;3942.94;3955.68;3875.13
23/5/2022;3973.75;3919.42;3981.88;3909.04
20/5/2022;3901.36;3927.76;3943.42;3810.32
19/5/2022;3900.79;3899;3945.96;3876.58
18/5/2022;3923.68;4051.98;4051.98;3911.91
17/5/2022;4088.85;4052;4090.72;4033.93
16/5/2022;4008.01;4013.02;4046.46;3983.99
13/5/2022;4023.89;3963.9;4038.88;3963.9
12/5/2022;3930.08;3903.95;3964.8;3858.87
11/5/2022;3935.18;3990.08;4049.09;3928.82
10/5/2022;4001.05;4035.18;4068.82;3958.17
9/5/2022;3991.24;4081.27;4081.27;3975.48
6/5/2022;4123.34;4128.17;4157.69;4067.91
5/5/2022;4146.87;4270.43;4270.43;4106.01
4/5/2022;4300.17;4181.18;4307.66;4148.91
3/5/2022;4175.48;4159.78;4200.1;4147.08
2/5/2022;4155.38;4130.61;4169.81;4062.51
29/4/2022;4131.93;4253.75;4269.68;4124.28
28/4/2022;4287.5;4222.58;4308.45;4188.63
27/4/2022;4183.96;4186.52;4240.71;4162.9
26/4/2022;4175.2;4278.14;4278.14;4175.04
25/4/2022;4296.12;4255.34;4299.02;4200.82
22/4/2022;4271.78;4385.83;4385.83;4267.62
21/4/2022;4393.66;4489.17;4512.94;4384.47
20/4/2022;4459.45;4472.26;4488.29;4448.76
19/4/2022;4462.21;4390.63;4471.03;4390.63
18/4/2022;4391.69;4385.63;4410.31;4370.3
14/4/2022;4392.59;4449.12;4460.46;4390.77
13/4/2022;4446.59;4394.3;4453.92;4392.7
12/4/2022;4397.45;4437.59;4471;4381.34
11/4/2022;4412.53;4462.64;4464.35;4408.38
8/4/2022;4488.28;4494.15;4520.41;4474.6
7/4/2022;4500.21;4474.65;4521.16;4450.3
6/4/2022;4481.15;4494.17;4503.94;4450.04
5/4/2022;4525.12;4572.45;4593.45;4514.17
4/4/2022;4582.64;4547.97;4583.5;4539.21
1/4/2022;4545.86;4540.32;4548.7;4507.57
31/3/2022;4530.41;4599.02;4603.07;4530.41
30/3/2022;4602.45;4624.2;4627.77;4581.32
29/3/2022;4631.6;4602.86;4637.3;4589.66
28/3/2022;4575.52;4541.09;4575.65;4517.69
25/3/2022;4543.06;4522.91;4546.03;4501.07
24/3/2022;4520.16;4469.98;4520.58;4465.17
23/3/2022;4456.24;4493.1;4501.07;4455.81
22/3/2022;4511.61;4469.1;4522;4469.1
21/3/2022;4461.18;4462.4;4481.75;4424.3
18/3/2022;4463.12;4407.34;4465.4;4390.57
17/3/2022;4411.67;4345.11;4412.67;4335.65
16/3/2022;4357.86;4288.14;4358.9;4251.99
15/3/2022;4262.45;4188.82;4271.05;4187.9
14/3/2022;4173.11;4202.75;4247.57;4161.72
11/3/2022;4204.31;4279.5;4291.01;4200.49
10/3/2022;4259.52;4252.55;4268.28;4209.8
9/3/2022;4277.88;4223.1;4299.4;4223.1
8/3/2022;4170.7;4202.66;4276.94;4157.87
7/3/2022;4201.09;4327.01;4327.01;4199.85
4/3/2022;4328.87;4342.12;4342.12;4284.98
3/3/2022;4363.49;4401.31;4416.78;4345.56
2/3/2022;4386.54;4322.56;4401.48;4322.56
1/3/2022;4306.26;4363.14;4378.45;4279.54
28/2/2022;4373.94;4354.17;4388.84;4315.12
25/2/2022;4384.65;4298.38;4385.34;4286.83
24/2/2022;4288.7;4155.77;4294.73;4114.65
23/2/2022;4225.5;4324.93;4341.51;4221.51
22/2/2022;4304.76;4332.74;4362.12;4267.11
18/2/2022;4348.87;4384.57;4394.6;4327.22
17/2/2022;4380.26;4456.06;4456.06;4373.81
16/2/2022;4475.01;4455.75;4489.55;4429.68
15/2/2022;4471.07;4429.28;4472.77;4429.28
14/2/2022;4401.67;4412.61;4426.22;4364.84
11/2/2022;4418.64;4506.27;4526.33;4401.41
10/2/2022;4504.1;4553.2;4588.9;4484.3
9/2/2022;4587.2;4547;4590;4547
8/2/2022;4521.5;4480;4531.3;4465.4
7/2/2022;4483.9;4505.8;4521.9;4471.5
4/2/2022;4500.5;4482.8;4539.7;4451.5
3/2/2022;4477.4;4535.4;4542.9;4470.4
2/2/2022;4589.4;4566.4;4595.3;4544.3
1/2/2022;4546.5;4519.6;4550.5;4483.5
31/1/2022;4515.6;4431.8;4516.9;4414
28/1/2022;4431.9;4336.2;4432.7;4292.5
27/1/2022;4326.5;4380.6;4428.7;4309.5
26/1/2022;4349.9;4408.4;4453.2;4304.8
25/1/2022;4356.4;4366.6;4411;4287.1
24/1/2022;4410.1;4356.3;4417.4;4222.6
21/1/2022;4397.9;4471.4;4494.5;4395.3
20/1/2022;4482.7;4547.4;4602.1;4477.9
19/1/2022;4532.8;4588;4611.6;4530.2
18/1/2022;4577.1;4632.2;4632.2;4568.7
14/1/2022;4662.9;4638;4665.1;4614.8
13/1/2022;4659;4733.6;4744.1;4650.3
12/1/2022;4726.4;4728.6;4748.8;4706.7
11/1/2022;4713.1;4669.1;4714.1;4638.3
10/1/2022;4670.3;4655.3;4673;4582.2
7/1/2022;4677;4697.7;4707.9;4662.7
6/1/2022;4696.1;4693.4;4725;4671.3
5/1/2022;4700.6;4788;4797.7;4699.4
4/1/2022;4793.5;4804.5;4818.6;4774.3
3/1/2022;4796.6;4778.1;4796.6;4758.2
31/12/2021;4766.2;4775.2;4786.8;4765.8
30/12/2021;4778.7;4794.2;4808.9;4775.3
29/12/2021;4793.1;4788.6;4804.1;4778.1
28/12/2021;4786.4;4795.5;4807;4780
27/12/2021;4791.2;4734;4791.5;4734
23/12/2021;4725.8;4704;4740.7;4704
22/12/2021;4696.6;4650.4;4697.7;4645.5
21/12/2021;4649.2;4595;4651.1;4583.2
20/12/2021;4568;4587.9;4587.9;4531.1
17/12/2021;4620.6;4652.5;4666.7;4600.2
16/12/2021;4668.7;4719.1;4732;4651.9
15/12/2021;4709.9;4636.5;4712.6;4611.2
14/12/2021;4634.1;4643;4660.5;4606.5
13/12/2021;4669;4710.3;4710.3;4667.6
10/12/2021;4712;4687.6;4713.6;4670.2
9/12/2021;4667.4;4691;4695.3;4666
8/12/2021;4701.2;4690.9;4705.1;4674.5
7/12/2021;4686.8;4632;4694;4632
6/12/2021;4591.7;4548.4;4612.6;4540.5
3/12/2021;4538.4;4589.5;4608;4495.1
2/12/2021;4577.1;4504.7;4595.5;4504.7
1/12/2021;4513;4602.8;4652.9;4510.3
30/11/2021;4567;4640.2;4646;4560
29/11/2021;4655.3;4628.8;4672.9;4625.3
26/11/2021;4594.6;4664.6;4664.6;4585.4
24/11/2021;4701.5;4675.8;4702.9;4659.9
23/11/2021;4690.7;4678.5;4699.4;4652.7
22/11/2021;4682.9;4712;4743.8;4682.2
19/11/2021;4698;4708.4;4717.8;4694.2
18/11/2021;4704.5;4700.7;4708.8;4672.8
17/11/2021;4688.7;4701.5;4701.5;4684.4
16/11/2021;4700.9;4679.4;4714.9;4679.4
15/11/2021;4682.8;4689.3;4697.4;4672.9
12/11/2021;4682.9;4655.2;4688.5;4650.8
11/11/2021;4649.3;4659.4;4664.6;4648.3
10/11/2021;4646.7;4670.3;4684.9;4630.9
9/11/2021;4685.2;4707.2;4708.5;4670.9
8/11/2021;4701.7;4701.5;4714.9;4694.4
5/11/2021;4697.5;4699.3;4718.5;4681.3
4/11/2021;4680.1;4662.9;4683;4662.6
3/11/2021;4660.6;4630.6;4663.5;4621.2
2/11/2021;4630.6;4613.3;4635.1;4613.3
1/11/2021;4613.7;4610.6;4620.3;4595.1
29/10/2021;4605.4;4572.9;4608.1;4567.6
28/10/2021;4596.4;4562.8;4597.6;4562.8
27/10/2021;4551.7;4580.2;4584.6;4551.7
26/10/2021;4574.8;4578.7;4598.5;4569.2
25/10/2021;4566.5;4553.7;4572.6;4537.4
22/10/2021;4544.9;4546.1;4559.7;4524
21/10/2021;4549.8;4532.2;4551.4;4526.9
20/10/2021;4536.2;4524.4;4540.9;4524.4
19/10/2021;4519.6;4497.3;4520.4;4496.4
18/10/2021;4486.5;4463.7;4488.8;4447.5
15/10/2021;4471.4;4447.7;4475.8;4447.7
14/10/2021;4438.3;4386.8;4439.7;4386.8
13/10/2021;4363.8;4358;4372.9;4329.9
12/10/2021;4350.6;4368.3;4374.9;4342.1
11/10/2021;4361.2;4385.4;4415.9;4360.6
8/10/2021;4391.3;4406.5;4412;4386.2
7/10/2021;4399.8;4383.7;4430;4383.7
6/10/2021;4363.6;4319.6;4365.6;4290.5
5/10/2021;4345.7;4309.9;4369.2;4309.9
4/10/2021;4300.5;4348.8;4355.5;4278.9
1/10/2021;4357;4317.2;4375.2;4288.5
30/9/2021;4307.5;4370.7;4382.6;4306.2
29/9/2021;4359.5;4362.4;4385.6;4355.1
28/9/2021;4352.6;4419.5;4419.5;4346.3
27/9/2021;4443.1;4442.1;4457.3;4436.2
24/9/2021;4455.5;4438;4463.1;4430.3
23/9/2021;4449;4406.8;4465.4;4406.8
22/9/2021;4395.6;4367.4;4416.8;4367.4
21/9/2021;4354.2;4374.4;4394.9;4348
20/9/2021;4357.7;4402.9;4402.9;4305.9
17/9/2021;4433;4469.7;4471.5;4427.8
16/9/2021;4473.8;4477.1;4485.9;4443.8
15/9/2021;4480.7;4447.5;4486.9;4438.4
14/9/2021;4443.1;4479.3;4485.7;4435.5
13/9/2021;4468.7;4474.8;4493;4445.7
10/9/2021;4458.6;4506.9;4520.5;4457.7
9/9/2021;4493.3;4513;4529.9;4492.1
8/9/2021;4514.1;4518.1;4521.8;4493.9
7/9/2021;4520;4535.4;4535.4;4513
3/9/2021;4535.4;4532.4;4541.4;4521.3
2/9/2021;4536.9;4534.5;4545.9;4524.7
1/9/2021;4524.1;4528.8;4537.1;4522
31/8/2021;4522.7;4529.8;4531.4;4515.8
30/8/2021;4528.8;4513.8;4537.4;4513.8
27/8/2021;4509.4;4474.1;4513.3;4474.1
26/8/2021;4470;4493.8;4495.9;4469
25/8/2021;4496.2;4490.4;4501.7;4485.7
24/8/2021;4486.2;4484.4;4492.8;4482.3
23/8/2021;4479.5;4450.3;4489.9;4450.3
20/8/2021;4441.7;4410.6;4444.4;4406.8
19/8/2021;4405.8;4382.4;4418.6;4367.7
18/8/2021;4400.3;4440.9;4454.3;4397.6
17/8/2021;4448.1;4462.1;4462.1;4417.8
16/8/2021;4479.7;4461.6;4480.3;4437.7
13/8/2021;4468;4464.8;4468.4;4460.8
12/8/2021;4460.8;4446.1;4461.8;4436
11/8/2021;4447.7;4442.2;4449.4;4436.4
10/8/2021;4436.8;4435.8;4445.2;4430
9/8/2021;4432.4;4437.8;4439.4;4424.7
6/8/2021;4436.5;4429.1;4440.8;4429.1
5/8/2021;4429.1;4408.9;4429.8;4408.9
4/8/2021;4402.7;4415.9;4416.2;4400.2
3/8/2021;4423.1;4392.7;4423.8;4373
2/8/2021;4387.2;4406.9;4422.2;4384.8
30/7/2021;4395.3;4395.1;4412.2;4389.6
29/7/2021;4419.1;4403.6;4430;4403.6
28/7/2021;4400.6;4402.9;4415.5;4387
27/7/2021;4401.5;4416.4;4416.4;4372.5
26/7/2021;4422.3;4409.6;4422.7;4405.4
23/7/2021;4411.8;4381.2;4415.2;4381.2
22/7/2021;4367.5;4361.3;4369.9;4350.1
21/7/2021;4358.7;4331.1;4359.7;4331.1
20/7/2021;4323.1;4265.1;4336.8;4262.1
19/7/2021;4258.5;4296.4;4296.4;4233.1
16/7/2021;4327.2;4367.4;4375.1;4322.5
15/7/2021;4360;4369;4369;4340.7
14/7/2021;4374.3;4380.1;4393.7;4362.4
13/7/2021;4369.2;4381.1;4392.4;4366.9
12/7/2021;4384.6;4372.4;4386.7;4364
9/7/2021;4369.6;4329.4;4371.6;4329.4
8/7/2021;4320.8;4321.1;4330.9;4289.4
7/7/2021;4358.1;4351;4361.9;4329.8
6/7/2021;4343.5;4356.5;4356.5;4314.4
2/7/2021;4352.3;4326.6;4355.4;4326.6
1/7/2021;4319.9;4300.7;4320.7;4300.7
30/6/2021;4297.5;4290.6;4302.4;4288
29/6/2021;4291.8;4293.2;4300.5;4287
28/6/2021;4290.6;4284.9;4292.1;4274.7
25/6/2021;4280.7;4274.4;4286.1;4271.2
24/6/2021;4266.5;4257;4271.3;4257
23/6/2021;4241.8;4249.3;4256.6;4241.4
22/6/2021;4246.4;4224.6;4255.8;4217.3
21/6/2021;4224.8;4173.4;4226.2;4173.4
18/6/2021;4166.4;4204.8;4204.8;4164.4
17/6/2021;4221.9;4220.4;4232.3;4196.1
16/6/2021;4223.7;4248.9;4251.9;4202.4
15/6/2021;4246.6;4255.3;4257.2;4238.4
14/6/2021;4255.1;4248.3;4255.6;4234.1
11/6/2021;4247.4;4242.9;4248.4;4232.2
10/6/2021;4239.2;4228.6;4249.7;4220.3
9/6/2021;4219.6;4233;4237.1;4218.7
8/6/2021;4227.3;4233.8;4236.7;4208.4
7/6/2021;4226.5;4229.3;4232.3;4215.7
4/6/2021;4229.9;4206.1;4233.4;4206.1
3/6/2021;4192.9;4191.4;4204.4;4167.9
2/6/2021;4208.1;4206.8;4217.4;4198.3
1/6/2021;4202;4216.5;4234.1;4197.6
28/5/2021;4204.1;4210.8;4218.4;4203.6
27/5/2021;4200.9;4201.9;4213.4;4197.8
26/5/2021;4196;4191.6;4202.6;4184.1
25/5/2021;4188.1;4205.9;4213.4;4182.5
24/5/2021;4197.1;4170.2;4209.5;4170.2
21/5/2021;4155.9;4168.6;4188.7;4151.7
20/5/2021;4159.1;4122;4172.8;4122
19/5/2021;4115.7;4098.4;4116.9;4061.4
18/5/2021;4127.8;4165.9;4169.1;4126
17/5/2021;4163.3;4169.9;4171.9;4142.7
14/5/2021;4173.9;4129.6;4183.1;4129.6
13/5/2021;4112.5;4075;4131.6;4075
12/5/2021;4063;4130.6;4134.7;4056.9
11/5/2021;4152.1;4150.3;4162;4111.5
10/5/2021;4188.4;4228.3;4236.4;4188.1
7/5/2021;4232.6;4210.3;4238;4201.6
6/5/2021;4201.6;4169.1;4202.7;4147.3
5/5/2021;4167.6;4177.1;4187.7;4160.9
4/5/2021;4164.7;4179;4179;4128.6
3/5/2021;4192.7;4192;4209.4;4188
30/4/2021;4181.2;4198.1;4198.1;4174.9
29/4/2021;4211.5;4206.1;4218.8;4176.8
28/4/2021;4183.2;4185.1;4201.5;4181.8
27/4/2021;4186.7;4188.2;4193.4;4176.2
26/4/2021;4187.6;4185;4194.2;4182.4
23/4/2021;4180.2;4138.8;4194.2;4138.8
22/4/2021;4135;4170.5;4179.6;4123.7
21/4/2021;4173.4;4128.4;4175;4126.4
20/4/2021;4134.9;4159.2;4159.2;4118.4
19/4/2021;4163.3;4179.8;4180.8;4150.5
16/4/2021;4185.5;4174.1;4191.3;4170.8
15/4/2021;4170.4;4139.8;4173.5;4139.8
14/4/2021;4124.7;4141.6;4151.7;4120.9
13/4/2021;4141.6;4130.1;4148;4124.4
12/4/2021;4128;4124.7;4131.8;4114.8
9/4/2021;4128.8;4096.1;4129.5;4095.5
8/4/2021;4097.2;4089.9;4098.2;4082.5
7/4/2021;4079.9;4074.3;4083.1;4068.3
6/4/2021;4073.9;4075.6;4086.2;4068.1
5/4/2021;4077.9;4034.4;4083.4;4034.4
1/4/2021;4019.9;3992.8;4020.6;3992.8
31/3/2021;3972.9;3967.2;3994.4;3967
30/3/2021;3958.6;3963.3;3968;3944.3
29/3/2021;3971.1;3969.3;3981.8;3943.2
26/3/2021;3974.5;3917.1;3978.2;3917.1
25/3/2021;3909.5;3879.3;3919.5;3853.5
24/3/2021;3889.1;3919.9;3942.1;3889.1
23/3/2021;3910.5;3937.6;3949.1;3901.6
22/3/2021;3940.6;3916.5;3955.3;3914.2
19/3/2021;3913.1;3913.1;3930.1;3886.8
18/3/2021;3915.5;3953.5;3969.6;3910.9
17/3/2021;3974.1;3949.6;3983.9;3935.7
16/3/2021;3962.7;3973.6;3981;3953.4
15/3/2021;3968.9;3943;3970.1;3923.5
12/3/2021;3943.3;3924.5;3945;3915.2
11/3/2021;3939.3;3915.5;3960.3;3915.5
10/3/2021;3898.8;3892;3917.3;3885.7
9/3/2021;3875.4;3851.9;3903.8;3851.9
8/3/2021;3821.3;3844.4;3881.1;3819.2
5/3/2021;3841.9;3793.6;3851.7;3730.2
4/3/2021;3768.5;3818.5;3843.7;3723.3
3/3/2021;3819.7;3864;3874.5;3818.9
2/3/2021;3870.3;3903.6;3906.4;3868.6
1/3/2021;3901.8;3842.5;3914.5;3842.5
26/2/2021;3811.2;3839.7;3861.1;3789.5
25/2/2021;3829.3;3915.8;3925;3814
24/2/2021;3925.4;3873.7;3928.7;3859.6
23/2/2021;3881.4;3857.1;3896;3805.6
22/2/2021;3876.5;3885.6;3902.9;3874.7
19/2/2021;3906.7;3921.2;3930.4;3903.1
18/2/2021;3914;3915.9;3922;3885
17/2/2021;3931.3;3918.5;3933.6;3900.4
16/2/2021;3932.6;3939.6;3950.4;3923.8
12/2/2021;3934.8;3911.7;3937.2;3905.8
11/2/2021;3916.4;3916.4;3926;3890.4
10/2/2021;3909.9;3920.8;3931.5;3884.9
9/2/2021;3911.2;3910.5;3918.3;3902.6
8/2/2021;3915.6;3892.6;3915.8;3892.6
5/2/2021;3886.8;3878.3;3894.6;3874.9
4/2/2021;3871.7;3836.7;3872.4;3836.7
3/2/2021;3830.2;3840.3;3847.5;3816.7
2/2/2021;3826.3;3791.8;3843.1;3791.8
1/2/2021;3773.9;3731.2;3784.3;3725.6
29/1/2021;3714.2;3778.1;3778.1;3694.1
28/1/2021;3787.4;3755.8;3830.5;3755.8
27/1/2021;3750.8;3836.8;3836.8;3732.5
26/1/2021;3849.6;3863;3870.9;3847.8
25/1/2021;3855.4;3851.7;3859.2;3797.2
22/1/2021;3841.5;3844.2;3852.3;3830.4
21/1/2021;3853.1;3857.5;3861.4;3845.1
20/1/2021;3851.8;3816.2;3859.8;3816.2
19/1/2021;3798.9;3781.9;3804.5;3780.4
15/1/2021;3768.2;3788.7;3788.7;3749.6
14/1/2021;3795.5;3815;3823.6;3792.9
13/1/2021;3809.8;3802.2;3821;3791.5
12/1/2021;3801.2;3801.6;3810.8;3776.5
11/1/2021;3799.6;3803.1;3817.9;3789
8/1/2021;3824.7;3815.1;3826.7;3783.6
7/1/2021;3803.8;3764.7;3811.6;3764.7
6/1/2021;3748.1;3712.2;3783;3705.3
5/1/2021;3726.9;3698;3737.8;3695.1
4/1/2021;3700.7;3764.6;3770;3662.7
31/12/2020;3756.1;3733.3;3760.2;3726.9
30/12/2020;3732;3736.2;3744.6;3730.2
29/12/2020;3727;3750;3756.1;3723.3
28/12/2020;3735.4;3723;3740.5;3723
24/12/2020;3703.1;3694;3703.8;3689.3
23/12/2020;3690;3693.4;3711.2;3689.3
22/12/2020;3687.3;3698.1;3698.3;3676.2
21/12/2020;3694.9;3684.3;3702.9;3636.5
18/12/2020;3709.4;3722.4;3726.7;3685.8
17/12/2020;3722.5;3713.7;3725.1;3710.9
16/12/2020;3701.2;3696.2;3711.3;3688.6
15/12/2020;3694.6;3666.4;3695.3;3659.6
14/12/2020;3647.5;3675.3;3697.6;3645.8
11/12/2020;3663.5;3656.1;3665.9;3633.4
10/12/2020;3668.1;3659.1;3678.5;3645.2
9/12/2020;3672.8;3706;3712.4;3660.5
8/12/2020;3702.2;3683.1;3708.4;3678.8
7/12/2020;3692;3694.7;3697.4;3678.9
4/12/2020;3699.1;3670.9;3699.2;3670.9
3/12/2020;3666.7;3668.3;3682.7;3657.2
2/12/2020;3669;3653.8;3671;3644.8
1/12/2020;3662.4;3645.9;3678.4;3645.9
30/11/2020;3621.6;3634.2;3634.2;3594.4
27/11/2020;3638.3;3638.6;3644.3;3629.3
25/11/2020;3629.7;3635.5;3635.5;3617.8
24/11/2020;3635.4;3594.5;3642.3;3594.5
23/11/2020;3577.6;3566.8;3589.8;3552.8
20/11/2020;3557.5;3579.3;3581.2;3556.8
19/11/2020;3581.9;3559.4;3585.2;3543.8
18/11/2020;3567.8;3612.1;3619.1;3567.3
17/11/2020;3609.5;3610.3;3623.1;3588.7
16/11/2020;3626.9;3600.2;3628.5;3600.2
13/11/2020;3585.2;3552.6;3593.7;3552.6
12/11/2020;3537;3562.7;3569;3518.6
11/11/2020;3572.7;3563.2;3581.2;3557
10/11/2020;3545.5;3543.3;3557.2;3511.9
9/11/2020;3550.5;3583;3646;3547.5
6/11/2020;3509.4;3508.3;3521.6;3484.3
5/11/2020;3510.4;3485.7;3529.1;3485.7
4/11/2020;3443.4;3406.5;3486.2;3405.2
3/11/2020;3369.2;3336.2;3389.5;3336.2
2/11/2020;3310.2;3296.2;3330.1;3279.7
30/10/2020;3270;3293.6;3304.9;3233.9
29/10/2020;3310.1;3277.2;3341.1;3259.8
28/10/2020;3271;3342.5;3342.5;3268.9
27/10/2020;3390.7;3403.2;3409.5;3388.7
26/10/2020;3401;3441.4;3441.4;3364.9
23/10/2020;3465.4;3464.9;3466.5;3440.4
22/10/2020;3453.5;3438.5;3460.5;3415.3
21/10/2020;3435.6;3439.9;3464.9;3433.1
20/10/2020;3443.1;3439.4;3476.9;3435.7
19/10/2020;3426.9;3493.7;3502.4;3419.9
16/10/2020;3483.8;3493.5;3515.8;3480.4
15/10/2020;3483.3;3453.7;3489.1;3440.9
14/10/2020;3488.7;3515.5;3527.9;3480.6
13/10/2020;3511.9;3534;3534;3500.9
12/10/2020;3534.2;3500;3549.8;3499.6
9/10/2020;3477.1;3459.7;3482.3;3458.1
8/10/2020;3446.8;3434.3;3447.3;3428.2
7/10/2020;3419.4;3384.6;3426.3;3384.6
6/10/2020;3360.9;3408.7;3431.6;3354.5
5/10/2020;3408.6;3367.3;3409.6;3367.3
2/10/2020;3348.4;3338.9;3369.1;3323.7
1/10/2020;3380.8;3385.9;3397.2;3361.4
30/9/2020;3363;3341.2;3393.6;3340.5
29/9/2020;3335.5;3350.9;3357.9;3327.5
28/9/2020;3351.6;3333.9;3360.7;3332.9
25/9/2020;3298.5;3236.7;3306.9;3228.4
24/9/2020;3246.6;3226.1;3278.7;3209.4
23/9/2020;3236.9;3320.1;3323.3;3232.6
22/9/2020;3315.6;3295.8;3320.3;3270.9
21/9/2020;3281.1;3285.6;3285.6;3229.1
18/9/2020;3319.5;3357.4;3362.3;3292.4
17/9/2020;3357;3346.9;3375.2;3328.8
16/9/2020;3385.5;3411.2;3428.9;3384.4
15/9/2020;3401.2;3407.7;3419.5;3389.2
14/9/2020;3383.5;3363.6;3402.9;3363.6
11/9/2020;3341;3352.7;3368.9;3310.5
10/9/2020;3339.2;3412.6;3425.6;3329.2
9/9/2020;3399;3369.8;3424.8;3366.8
8/9/2020;3331.8;3371.9;3380;3329.3
4/9/2020;3427;3453.6;3479.2;3349.6
3/9/2020;3455.1;3564.7;3564.8;3427.4
2/9/2020;3580.8;3543.8;3588.1;3535.2
1/9/2020;3526.7;3507.4;3528;3494.6
31/8/2020;3500.3;3509.7;3514.8;3493.2
28/8/2020;3508;3494.7;3509.2;3484.3
27/8/2020;3484.6;3485.1;3501.4;3468.3
26/8/2020;3478.7;3450;3481.1;3444.2
25/8/2020;3443.6;3435.9;3444.2;3425.8
24/8/2020;3431.3;3418.1;3432.1;3413.1
21/8/2020;3397.2;3386;3400;3379.3
20/8/2020;3385.5;3360.5;3390.8;3354.7
19/8/2020;3374.8;3392.5;3399.5;3369.7
18/8/2020;3389.8;3387;3395.1;3370.2
17/8/2020;3382;3380.9;3387.6;3379.2
14/8/2020;3372.8;3368.7;3378.5;3361.6
13/8/2020;3373.4;3372.9;3387.2;3363.3
12/8/2020;3380.3;3355.5;3387.9;3355.5
11/8/2020;3333.7;3370.3;3381;3326.4
10/8/2020;3360.5;3356;3363.3;3335.4
7/8/2020;3351.3;3340.1;3352.5;3328.7
6/8/2020;3349.2;3323.2;3351;3318.1
5/8/2020;3327.8;3317.4;3330.8;3317.4
4/8/2020;3306.5;3289.9;3306.8;3286.4
3/8/2020;3294.6;3288.3;3302.7;3284.5
31/7/2020;3271.1;3270.4;3272.2;3220.3
30/7/2020;3246.2;3231.8;3250.9;3204.1
29/7/2020;3258.4;3227.2;3264.7;3227.2
28/7/2020;3218.4;3234.3;3243.7;3216.2
27/7/2020;3239.4;3219.8;3241.4;3214.2
24/7/2020;3215.6;3218.6;3227.3;3200.1
23/7/2020;3235.7;3271.6;3280;3222.7
22/7/2020;3276;3254.9;3279.3;3253.1
21/7/2020;3257.3;3268.5;3277.3;3247.8
20/7/2020;3251.8;3224.3;3258.6;3215.2
17/7/2020;3224.7;3224.2;3233.5;3205.7
16/7/2020;3215.6;3208.4;3220.4;3198.6
15/7/2020;3226.6;3226;3238.3;3200.8
14/7/2020;3197.5;3141.1;3200.9;3127.7
13/7/2020;3155.2;3205.1;3235.3;3149.4
10/7/2020;3185;3152.5;3186.8;3136.2
9/7/2020;3152.1;3176.2;3179.8;3115.7
8/7/2020;3169.9;3153.1;3171.8;3136.5
7/7/2020;3145.3;3166.4;3184.2;3142.9
6/7/2020;3179.7;3155.3;3182.6;3155.3
2/7/2020;3130;3143.6;3165.8;3124.5
1/7/2020;3115.9;3105.9;3128.4;3101.2
30/6/2020;3100.3;3050.2;3111.5;3047.8
29/6/2020;3053.2;3018.6;3053.9;2999.7
26/6/2020;3009.1;3073.2;3073.7;3004.6
25/6/2020;3083.8;3046.6;3086.2;3024
24/6/2020;3050.3;3114.4;3115;3032.1
23/6/2020;3131.3;3138.7;3154.9;3127.1
22/6/2020;3117.9;3094.4;3120.9;3079.4
19/6/2020;3097.7;3140.3;3155.5;3083.1
18/6/2020;3115.3;3101.6;3120;3093.5
17/6/2020;3113.5;3136.1;3141.2;3108
16/6/2020;3124.7;3131;3153.4;3076.1
15/6/2020;3066.6;2993.8;3079.8;2965.7
12/6/2020;3041.3;3071;3088.4;2984.5
11/6/2020;3002.1;3123.5;3123.5;2999.5
10/6/2020;3190.1;3213.4;3223.3;3181.5
9/6/2020;3207.2;3213.3;3222.7;3193.1
8/6/2020;3232.4;3199.9;3233.1;3196
5/6/2020;3193.9;3163.8;3211.7;3163.8
4/6/2020;3112.3;3111.6;3128.9;3090.4
3/6/2020;3122.9;3098.9;3130.9;3098.9
2/6/2020;3080.8;3064.8;3081.1;3051.6
1/6/2020;3055.7;3038.8;3062.2;3031.5
29/5/2020;3044.3;3025.2;3049.2;2998.6
28/5/2020;3029.7;3046.6;3068.7;3023.4
27/5/2020;3036.1;3015.7;3036.2;2969.8
26/5/2020;2991.8;3004.1;3021.7;2988.2
22/5/2020;2955.4;2948.1;2956.8;2933.6
21/5/2020;2948.5;2969.9;2978.5;2938.6
20/5/2020;2971.6;2953.6;2980.3;2953.6
19/5/2020;2922.9;2948.6;2964.2;2922.3
18/5/2020;2953.9;2913.9;2968.1;2913.9
15/5/2020;2863.7;2829.9;2865;2816.8
14/5/2020;2852.5;2794.5;2852.8;2766.6
13/5/2020;2820;2865.9;2874.1;2793.2
12/5/2020;2870.1;2939.5;2945.8;2869.6
11/5/2020;2930.3;2915.5;2944.2;2903.4
8/5/2020;2929.8;2908.8;2932.2;2902.9
7/5/2020;2881.2;2878.3;2901.9;2876.5
6/5/2020;2848.4;2883.1;2891.1;2847.7
5/5/2020;2868.4;2868.9;2898.2;2863.6
4/5/2020;2842.7;2815;2844.2;2797.8
1/5/2020;2830.7;2869.1;2869.1;2821.6
30/4/2020;2912.4;2930.9;2930.9;2892.5
29/4/2020;2939.5;2918.5;2954.9;2912.2
28/4/2020;2863.4;2910;2921.2;2860.7
27/4/2020;2878.5;2854.7;2887.7;2852.9
24/4/2020;2836.7;2812.6;2842.7;2791.8
23/4/2020;2797.8;2810.4;2844.9;2794.3
22/4/2020;2799.3;2787.9;2815.1;2775.9
21/4/2020;2736.6;2784.8;2785.5;2727.1
20/4/2020;2823.2;2845.6;2869;2820.4
17/4/2020;2874.6;2842.4;2879.2;2830.9
16/4/2020;2799.6;2799.3;2806.5;2764.3
15/4/2020;2783.4;2795.6;2801.9;2761.5
14/4/2020;2846.1;2805.1;2851.8;2805.1
13/4/2020;2761.6;2782.5;2782.5;2721.2
9/4/2020;2789.8;2777;2818.6;2762.4
8/4/2020;2750;2685;2760.8;2663.3
7/4/2020;2659.4;2738.7;2756.9;2657.7
6/4/2020;2663.7;2578.3;2676.8;2574.6
3/4/2020;2488.7;2514.9;2538.2;2460
2/4/2020;2526.9;2458.5;2533.2;2455.8
1/4/2020;2470.5;2498.1;2522.8;2447.5
31/3/2020;2584.6;2614.7;2641.4;2571.2
30/3/2020;2626.7;2559;2631.8;2545.3
27/3/2020;2541.5;2555.9;2615.9;2520
26/3/2020;2630.1;2501.3;2637;2500.7
25/3/2020;2475.6;2457.8;2571.4;2407.5
24/3/2020;2447.3;2344.4;2449.7;2344.4
23/3/2020;2237.4;2290.7;2300.7;2191.9
20/3/2020;2304.9;2431.9;2453;2295.6
19/3/2020;2409.4;2393.5;2467;2319.8
18/3/2020;2398.1;2436.5;2453.6;2280.5
17/3/2020;2529.2;2425.7;2553.9;2367
16/3/2020;2386.1;2508.6;2563;2380.9
13/3/2020;2711;2570;2711.3;2492.4
12/3/2020;2480.6;2630.9;2660.9;2478.9
11/3/2020;2741.4;2825.6;2825.6;2707.2
10/3/2020;2882.2;2813.5;2882.6;2734
9/3/2020;2746.6;2863.9;2863.9;2734.4
6/3/2020;2972.4;2954.2;2985.9;2901.5
5/3/2020;3023.9;3075.7;3083;2999.8
4/3/2020;3130.1;3045.8;3131;3034.4
3/3/2020;3003.4;3096.5;3136.7;2976.6
2/3/2020;3090.2;2974.3;3091;2945.2
28/2/2020;2954.2;2916.9;2959.7;2855.8
27/2/2020;2978.8;3062.5;3097.1;2977.4
26/2/2020;3116.4;3139.9;3182.5;3109
25/2/2020;3128.2;3238.9;3247;3118.8
24/2/2020;3225.9;3257.6;3259.8;3214.7
21/2/2020;3337.8;3360.5;3360.8;3328.4
20/2/2020;3373.2;3380.4;3389.2;3341
19/2/2020;3386.2;3380.4;3393.5;3378.8
18/2/2020;3370.3;3369;3375;3355.6
14/2/2020;3380.2;3378.1;3380.7;3366.2
13/2/2020;3373.9;3365.9;3385.1;3360.5
12/2/2020;3379.4;3370.5;3381.5;3369.7
11/2/2020;3357.8;3365.9;3375.6;3352.7
10/2/2020;3352.1;3318.3;3352.3;3317.8
7/2/2020;3327.7;3335.5;3341.4;3322.1
6/2/2020;3345.8;3344.9;3348;3334.4
5/2/2020;3334.7;3324.9;3337.6;3313.8
4/2/2020;3297.6;3280.6;3306.9;3280.6
3/2/2020;3248.9;3235.7;3268.4;3235.7
31/1/2020;3225.5;3282.3;3282.3;3214.7
30/1/2020;3283.7;3256.4;3285.9;3242.8
29/1/2020;3273.4;3289.5;3293.5;3271.9
28/1/2020;3276.2;3255.3;3285.8;3253.2
27/1/2020;3243.6;3247.2;3258.8;3234.5
24/1/2020;3295.5;3333.1;3333.2;3281.5
23/1/2020;3325.5;3315.8;3326.9;3301.9
22/1/2020;3321.8;3330;3337.8;3320
21/1/2020;3320.8;3321;3329.8;3316.6
17/1/2020;3329.6;3323.7;3329.9;3318.9
16/1/2020;3316.8;3303;3317.1;3302.8
15/1/2020;3289.3;3282.3;3298.7;3280.7
14/1/2020;3283.2;3285.3;3294.2;3277.2
13/1/2020;3288.1;3271.1;3288.1;3268.4
10/1/2020;3265.3;3281.8;3283;3260.9
9/1/2020;3274.7;3266;3275.6;3263.7
8/1/2020;3253.1;3238.6;3267.1;3236.7
7/1/2020;3237.2;3241.9;3244.9;3232.4
6/1/2020;3246.3;3217.6;3246.8;3214.6
3/1/2020;3234.8;3226.4;3246.2;3222.3
2/1/2020;3257.8;3244.7;3258.1;3235.5
31/12/2019;3230.8;3215.2;3231.7;3212
30/12/2019;3221.3;3240.1;3240.9;3216.6
27/12/2019;3240;3247.2;3247.9;3234.4
26/12/2019;3239.9;3227.2;3240.1;3227.2
24/12/2019;3223.4;3225.4;3226.4;3220.5
23/12/2019;3224;3226.1;3227.8;3222.3
20/12/2019;3221.2;3223.3;3225.7;3216
19/12/2019;3205.4;3192.3;3205.5;3192.3
18/12/2019;3191.1;3195.2;3198.5;3191.1
17/12/2019;3192.5;3195.4;3198.2;3191
16/12/2019;3191.4;3183.6;3197.7;3183.6
13/12/2019;3168.8;3166.7;3182.7;3156.5
12/12/2019;3168.6;3141.2;3176.3;3138.5
11/12/2019;3141.6;3135.8;3144;3133.2
10/12/2019;3132.5;3135.4;3142.1;3126.1
9/12/2019;3136;3141.9;3148.9;3135.5
6/12/2019;3145.9;3134.6;3150.6;3134.6
5/12/2019;3117.4;3119.2;3119.4;3103.8
4/12/2019;3112.8;3103.5;3119.4;3102.5
3/12/2019;3093.2;3087.4;3095;3070.3
2/12/2019;3113.9;3143.8;3144.3;3110.8
29/11/2019;3141;3147.2;3150.3;3139.3
27/11/2019;3153.6;3145.5;3154.3;3143.4
26/11/2019;3140.5;3134.8;3142.7;3131
25/11/2019;3133.6;3117.4;3133.8;3117.4
22/11/2019;3110.3;3111.4;3112.9;3099.3
21/11/2019;3103.5;3108.5;3110.1;3094.6
20/11/2019;3108.5;3114.7;3119;3091.4
19/11/2019;3120.2;3127.4;3127.6;3113.5
18/11/2019;3122;3117.9;3124.2;3112.1
15/11/2019;3120.5;3107.9;3120.5;3104.6
14/11/2019;3096.6;3090.8;3098.2;3083.3
14/11/2019;3096.6;3090.8;3098.2;3083.3
13/11/2019;3094;3084.2;3098.1;3078.8
12/11/2019;3091.8;3089.3;3102.6;3084.7
11/11/2019;3087;3080.3;3088.3;3075.8
8/11/2019;3093.1;3081.2;3093.1;3073.6
7/11/2019;3085.2;3087;3097.8;3080.2
6/11/2019;3076.8;3075.1;3078.3;3065.9
5/11/2019;3074.6;3080.8;3083.9;3072.2
4/11/2019;3078.3;3079;3085.2;3074.9
1/11/2019;3066.9;3050.7;3066.9;3050.7
31/10/2019;3037.6;3046.9;3046.9;3023.2
30/10/2019;3046.8;3039.7;3050.1;3026
29/10/2019;3036.9;3035.4;3047.9;3034.8
28/10/2019;3039.4;3032.1;3044.1;3032.1
25/10/2019;3022.6;3003.3;3027.4;3001.9
24/10/2019;3010.3;3014.8;3016.1;3000.4
23/10/2019;3004.5;2994;3004.8;2991.2
22/10/2019;2996;3010.7;3014.6;2995
21/10/2019;3006.7;2996.5;3007.3;2995.3
18/10/2019;2986.2;2996.8;3000;2976.3
17/10/2019;2997.9;3000.8;3008.3;2991.8
16/10/2019;2989.7;2989.7;2997.5;2985.2
15/10/2019;2995.7;2973.6;3003.3;2973.6
14/10/2019;2966.2;2965.8;2972.8;2962.9
11/10/2019;2970.3;2963.1;2993.3;2963.1
10/10/2019;2938.1;2918.6;2948.5;2917.1
9/10/2019;2919.4;2911.1;2929.3;2907.4
8/10/2019;2893.1;2920.4;2925.5;2892.7
7/10/2019;2938.8;2944.2;2959.8;2935.7
4/10/2019;2952;2918.6;2953.7;2918.6
3/10/2019;2910.6;2885.4;2911.1;2855.9
2/10/2019;2887.6;2924.8;2924.8;2874.9
1/10/2019;2940.2;2983.7;2992.5;2938.7
30/9/2019;2976.7;2967.1;2983.8;2967.1
27/9/2019;2961.8;2985.5;2987.3;2945.5
26/9/2019;2977.6;2985.7;2987.3;2963.7
25/9/2019;2984.9;2968.3;2989.8;2952.9
24/9/2019;2966.6;3002.4;3008;2957.7
23/9/2019;2991.8;2983.5;2999.2;2982.2
20/9/2019;2992.1;3008.4;3016.4;2984.7
19/9/2019;3006.8;3010.4;3022;3003.2
18/9/2019;3006.7;3001.5;3007.8;2978.6
17/9/2019;3005.7;2995.7;3006.2;2993.7
16/9/2019;2998;2996.4;3002.2;2990.7
13/9/2019;3007.4;3012.2;3017.3;3002.9
12/9/2019;3009.6;3009.1;3020.7;3000.9
11/9/2019;3000.9;2981.4;3000.9;2975.3
10/9/2019;2979.4;2971;2979.4;2957
9/9/2019;2978.4;2988.4;2989.4;2969.4
6/9/2019;2978.7;2980.3;2985;2972.5
5/9/2019;2976;2960.6;2985.9;2960.6
4/9/2019;2937.8;2924.7;2938.8;2921.9
3/9/2019;2906.3;2909;2914.4;2891.8
30/8/2019;2926.5;2937.1;2940.4;2913.3
29/8/2019;2924.6;2910.4;2930.5;2905.7
28/8/2019;2887.9;2861.3;2890;2853.1
27/8/2019;2869.2;2893.1;2898.8;2860.6
26/8/2019;2878.4;2866.7;2879.3;2856
23/8/2019;2847.1;2911.1;2927;2835
22/8/2019;2922.9;2930.9;2939.1;2904.5
21/8/2019;2924.4;2922;2928.7;2917.9
20/8/2019;2900.5;2919;2923.6;2899.6
19/8/2019;2923.7;2913.5;2931;2913.5
16/8/2019;2888.7;2864.7;2893.6;2864.7
15/8/2019;2847.6;2846.2;2856.7;2825.5
14/8/2019;2840.6;2894.2;2894.2;2839.6
13/8/2019;2926.3;2880.7;2943.3;2877.1
12/8/2019;2883.8;2907.1;2907.6;2873.1
9/8/2019;2918.7;2930.5;2935.8;2900.2
8/8/2019;2938.1;2896.2;2938.7;2894.5
7/8/2019;2884;2858.7;2892.2;2825.7
6/8/2019;2881.8;2861.2;2884.4;2847.4
5/8/2019;2844.7;2898.1;2898.1;2822.1
2/8/2019;2932.1;2943.9;2945.5;2914.1
1/8/2019;2953.6;2980.3;3013.6;2945.2
31/7/2019;2980.4;3016.2;3017.4;2958.1
30/7/2019;3013.2;3007.7;3017.2;3000.9
29/7/2019;3021;3024.5;3025.6;3014.3
26/7/2019;3025.9;3013.2;3028;3012.6
25/7/2019;3003.7;3016.3;3016.3;2997.2
24/7/2019;3019.6;2998.8;3019.6;2996.8
23/7/2019;3005.5;2994.7;3005.9;2988.6
22/7/2019;2985;2981.9;2990.7;2976.7
19/7/2019;2976.6;3004.3;3006;2975.9
18/7/2019;2995.1;2978.9;2998.3;2973.1
17/7/2019;2984.4;3005.1;3005.3;2984.2
16/7/2019;3004;3012.1;3015;3001.2
15/7/2019;3014.3;3017.8;3017.8;3008.8
12/7/2019;3013.8;3003.4;3013.9;3001.9
11/7/2019;2999.9;2999.6;3002.3;2988.8
10/7/2019;2993.1;2989.3;3003;2984.6
9/7/2019;2979.6;2965.5;2981.9;2963.4
8/7/2019;2975.9;2979.8;2980.8;2970.1
5/7/2019;2990.4;2984.2;2994;2968
3/7/2019;2995.8;2978.1;2995.8;2978
2/7/2019;2973;2964.7;2973.2;2955.9
1/7/2019;2964.3;2971.4;2977.9;2952.2
28/6/2019;2941.8;2932.9;2944;2929.1
27/6/2019;2924.9;2919.7;2929.3;2918.6
26/6/2019;2913.8;2926.1;2932.6;2913
25/6/2019;2917.4;2945.8;2946.5;2916
24/6/2019;2945.3;2951.4;2954.9;2944.1
21/6/2019;2950.5;2952.7;2964.2;2946.9
20/6/2019;2954.2;2949.6;2958.1;2931.5
19/6/2019;2926.5;2920.6;2931.7;2911.4
18/6/2019;2917.8;2906.7;2930.8;2905.4
17/6/2019;2889.7;2889.8;2897.3;2887.3
14/6/2019;2887;2886.8;2894.4;2879.6
13/6/2019;2891.6;2886.2;2895.2;2882
12/6/2019;2879.8;2882.7;2888.6;2874.7
11/6/2019;2885.7;2903.3;2910.6;2878.5
10/6/2019;2886.7;2885.8;2904.8;2885.5
7/6/2019;2873.3;2852.9;2885;2852.9
6/6/2019;2843.5;2828.5;2852.1;2822.4
5/6/2019;2826.2;2818.1;2827.3;2800.9
4/6/2019;2803.3;2762.6;2804.5;2762.6
3/6/2019;2744.4;2751.5;2763.1;2728.8
31/5/2019;2752.1;2766.2;2769;2750.5
30/5/2019;2788.9;2786.9;2799;2776.7
29/5/2019;2783;2790.2;2792;2766.1
28/5/2019;2802.4;2830;2840.5;2801.6
24/5/2019;2826.1;2832.4;2841.4;2820.2
23/5/2019;2822.2;2836.7;2836.7;2805.5
22/5/2019;2856.3;2856.1;2865.5;2851.1
21/5/2019;2864.4;2854;2868.9;2854
20/5/2019;2840.2;2841.9;2853.9;2831.3
17/5/2019;2859.5;2858.6;2885.5;2854.2
16/5/2019;2876.3;2855.8;2892.2;2855.8
15/5/2019;2851;2820.4;2858.7;2815.1
14/5/2019;2834.4;2820.1;2852.5;2820.1
13/5/2019;2811.9;2840.2;2840.2;2801.4
10/5/2019;2881.4;2863.1;2891.3;2825.4
9/5/2019;2870.7;2859.8;2876;2836.4
8/5/2019;2879.4;2879.6;2898;2873.3
7/5/2019;2884.1;2913;2913;2862.6
6/5/2019;2932.5;2908.9;2937.3;2898.2
3/5/2019;2945.6;2929.2;2947.8;2929.2
2/5/2019;2917.5;2922.2;2931.7;2900.5
1/5/2019;2923.7;2952.3;2954.1;2923.4
30/4/2019;2945.8;2937.1;2948.2;2924.1
29/4/2019;2943;2940.6;2949.5;2939.3
26/4/2019;2939.9;2925.8;2939.9;2917.6
25/4/2019;2926.2;2929;2933.1;2912.8
24/4/2019;2927.2;2934;2936.8;2926.1
23/4/2019;2933.7;2910;2936.3;2908.5
22/4/2019;2908;2898.8;2909.5;2896.3
18/4/2019;2905;2904.8;2908.4;2891.9
17/4/2019;2900.4;2916;2918;2895.4
16/4/2019;2907.1;2912.3;2916.1;2900.7
15/4/2019;2905.6;2908.3;2909.6;2896.5
12/4/2019;2907.4;2900.9;2910.5;2898.4
11/4/2019;2888.3;2891.9;2893.4;2882
10/4/2019;2888.2;2881.4;2889.7;2879.1
9/4/2019;2878.2;2886.6;2886.9;2873.3
8/4/2019;2895.8;2888.5;2895.9;2880.8
5/4/2019;2892.7;2884.2;2893.2;2883
4/4/2019;2879.4;2874;2881.3;2867.1
3/4/2019;2873.4;2876.1;2885.2;2865.2
2/4/2019;2867.2;2868.2;2872.9;2858.8
1/4/2019;2867.2;2848.6;2869.4;2848.6
29/3/2019;2834.4;2828.3;2836;2819.2
28/3/2019;2815.4;2809.4;2819.7;2798.8
27/3/2019;2805.4;2819.7;2825.6;2787.7
26/3/2019;2818.5;2812.7;2829.9;2804
25/3/2019;2798.4;2796;2809.8;2785
22/3/2019;2800.7;2844.5;2846.2;2800.5
21/3/2019;2854.9;2819.7;2860.3;2817.4
20/3/2019;2824.2;2831.3;2843.5;2812.4
19/3/2019;2832.6;2840.8;2852.4;2823.3
18/3/2019;2832.9;2822.6;2835.4;2822
15/3/2019;2822.5;2810.8;2830.7;2810.8
14/3/2019;2808.5;2810.4;2815;2803.5
13/3/2019;2810.9;2799.8;2821.2;2799.8
12/3/2019;2791.5;2787.3;2798.3;2786.7
11/3/2019;2783.3;2747.6;2784;2747.6
8/3/2019;2743.1;2730.8;2744.1;2722.3
7/3/2019;2748.9;2766.5;2767.2;2739.1
6/3/2019;2771.4;2790.3;2790.3;2768.7
5/3/2019;2789.7;2794.4;2796.4;2783
4/3/2019;2792.8;2814.4;2816.9;2767.7
1/3/2019;2803.7;2798.2;2808;2787.4
28/2/2019;2784.5;2788.1;2793.7;2782.5
27/2/2019;2792.4;2787.5;2795.8;2775.1
26/2/2019;2793.9;2792.4;2803.1;2789.5
25/2/2019;2796.1;2804.3;2813.5;2795
22/2/2019;2792.7;2780.7;2794.2;2779.1
21/2/2019;2774.9;2780.2;2781.6;2764.6
20/2/2019;2784.7;2779.1;2789.9;2774.1
19/2/2019;2779.8;2769.3;2787.3;2767.3
15/2/2019;2775.6;2760.2;2775.7;2760.2
14/2/2019;2745.7;2743.5;2757.9;2731.2
13/2/2019;2753;2750.3;2761.8;2748.6
12/2/2019;2744.7;2722.6;2748.2;2722.6
11/2/2019;2709.8;2712.4;2718.1;2703.8
8/2/2019;2707.9;2692.4;2708.1;2681.8
7/2/2019;2706.1;2717.5;2719.3;2687.3
6/2/2019;2731.6;2735.1;2738.1;2724.2
5/2/2019;2737.7;2728.3;2739;2724
4/2/2019;2724.9;2706.5;2725;2698.8
1/2/2019;2706.5;2702.3;2716.7;2696.9
31/1/2019;2704.1;2685.5;2708.9;2678.7
30/1/2019;2681.1;2653.6;2690.4;2648.3
29/1/2019;2640;2644.9;2650.9;2631.1
28/1/2019;2643.8;2645;2645;2624.1
25/1/2019;2664.8;2657.4;2672.4;2657.3
24/1/2019;2642.3;2638.8;2647.2;2627
23/1/2019;2638.7;2643.5;2653.2;2612.9
22/1/2019;2632.9;2657.9;2657.9;2617.3
18/1/2019;2670.7;2651.3;2675.5;2647.6
17/1/2019;2636;2609.3;2645.1;2606.4
16/1/2019;2616.1;2614.8;2625.8;2612.7
15/1/2019;2610.3;2585.1;2613.1;2585.1
14/1/2019;2582.6;2580.3;2589.3;2570.4
11/1/2019;2596.3;2588.1;2596.3;2577.4
10/1/2019;2596.6;2573.5;2597.8;2562
9/1/2019;2585;2580;2595.3;2568.9
8/1/2019;2574.4;2568.1;2579.8;2547.6
7/1/2019;2549.7;2535.6;2566.2;2524.6
4/1/2019;2531.9;2474.3;2538.1;2474.3
3/1/2019;2447.9;2491.9;2493.1;2444
2/1/2019;2510;2477;2519.5;2467.5
31/12/2018;2506.8;2498.9;2509.2;2482.8
28/12/2018;2485.7;2498.8;2520.3;2472.9
27/12/2018;2488.8;2442.5;2489.1;2397.9
26/12/2018;2467.7;2363.1;2467.8;2346.6
24/12/2018;2351.1;2400.6;2410.3;2351.1
21/12/2018;2416.6;2465.4;2504.4;2408.6
20/12/2018;2467.4;2496.8;2509.6;2441.2
19/12/2018;2507;2547.1;2585.3;2489
18/12/2018;2546.2;2559.9;2574;2528.7
17/12/2018;2545.9;2590.8;2601.1;2530.5
14/12/2018;2599.9;2629.7;2635.1;2593.8
13/12/2018;2650.5;2658.7;2670.2;2637.3
12/12/2018;2651.1;2658.2;2685.4;2650.3
11/12/2018;2636.8;2664.4;2674.3;2621.3
10/12/2018;2637.7;2630.9;2647.5;2583.2
7/12/2018;2633.1;2691.3;2708.5;2623.1
6/12/2018;2695.9;2663.5;2696.2;2621.5
4/12/2018;2700.1;2782.4;2785.9;2697.2
3/12/2018;2790.4;2790.5;2800.2;2773.4
30/11/2018;2760.2;2737.8;2760.9;2732.8
29/11/2018;2737.8;2737;2753.8;2722.9
28/11/2018;2743.8;2691.4;2744;2684.4
27/11/2018;2682.2;2663.8;2682.5;2655.9
26/11/2018;2673.4;2650;2674.3;2650
23/11/2018;2632.6;2633.4;2647.6;2631.1
21/11/2018;2649.9;2657.7;2670.7;2649.8
20/11/2018;2641.9;2654.6;2669.4;2631.5
19/11/2018;2690.7;2730.7;2733.2;2681.1
16/11/2018;2736.3;2718.5;2746.8;2712.2
15/11/2018;2730.2;2693.5;2735.4;2670.8
14/11/2018;2701.6;2737.9;2746.8;2685.8
13/11/2018;2722.2;2730.1;2754.6;2715
12/11/2018;2726.2;2773.9;2776;2722
9/11/2018;2781;2794.1;2794.1;2764.2
8/11/2018;2806.8;2806.4;2814.8;2795
7/11/2018;2813.9;2774.1;2815.2;2774.1
6/11/2018;2755.4;2738.4;2756.8;2737.1
5/11/2018;2738.3;2726.4;2744.3;2717.9
2/11/2018;2723.1;2745.4;2756.6;2700.4
1/11/2018;2740.4;2717.6;2741.7;2708.8
31/10/2018;2711.7;2705.6;2736.7;2705.6
30/10/2018;2682.6;2640.7;2685.4;2635.3
29/10/2018;2641.2;2682.7;2706.8;2603.5
26/10/2018;2658.7;2667.9;2692.4;2628.2
25/10/2018;2705.6;2674.9;2722.7;2667.8
24/10/2018;2656.1;2737.9;2742.6;2651.9
23/10/2018;2740.7;2721;2753.6;2691.4
22/10/2018;2755.9;2773.9;2778.9;2749.2
19/10/2018;2767.8;2775.7;2797.8;2760.3
18/10/2018;2768.8;2802;2806;2755.2
17/10/2018;2809.2;2811.7;2816.9;2781.8
16/10/2018;2809.9;2767.1;2813.5;2766.9
15/10/2018;2750.8;2763.8;2776;2749
12/10/2018;2767.1;2770.5;2775.8;2729.4
11/10/2018;2728.4;2776.9;2795.1;2710.5
10/10/2018;2785.7;2873.9;2874;2784.9
9/10/2018;2880.3;2882.5;2894.8;2874.3
8/10/2018;2884.4;2877.5;2889.4;2862.1
5/10/2018;2885.6;2902.5;2909.6;2869.3
4/10/2018;2901.6;2919.3;2919.8;2883.9
3/10/2018;2925.5;2931.7;2939.9;2921.4
2/10/2018;2923.4;2923.8;2931.4;2919.4
1/10/2018;2924.6;2926.3;2937.1;2917.9
28/9/2018;2914;2910;2920.5;2907.5
27/9/2018;2914;2911.7;2927.2;2909.3
26/9/2018;2906;2917;2931.2;2903.3
25/9/2018;2915.6;2921.8;2923.9;2913.7
24/9/2018;2919.4;2921.8;2923.8;2912.6
21/9/2018;2929.7;2936.8;2940.9;2927.1
20/9/2018;2930.8;2919.7;2934.8;2919.7
19/9/2018;2907.9;2906.6;2912.4;2903.8
18/9/2018;2904.3;2890.7;2911.2;2890.4
17/9/2018;2888.8;2903.8;2904.7;2886.2
14/9/2018;2905;2906.4;2908.3;2895.8
13/9/2018;2904.2;2896.8;2906.8;2896.4
12/9/2018;2888.9;2888.3;2894.7;2879.2
11/9/2018;2887.9;2871.6;2892.5;2866.8
10/9/2018;2877.1;2881.4;2886.9;2875.9
7/9/2018;2871.7;2868.3;2883.8;2864.1
6/9/2018;2878.1;2888.6;2892.1;2867.3
5/9/2018;2888.6;2891.6;2894.2;2876.9
4/9/2018;2896.7;2897;2900.2;2885.1
31/8/2018;2901.5;2898.4;2906.3;2891.7
30/8/2018;2901.1;2908.9;2912.5;2895.2
29/8/2018;2914;2900.6;2916.5;2898.4
28/8/2018;2897.5;2901.4;2903.8;2893.5
27/8/2018;2896.7;2884.7;2898.2;2884.7
24/8/2018;2874.7;2862.3;2876.2;2862.3
23/8/2018;2857;2860.3;2868.8;2854
22/8/2018;2861.8;2861;2867.5;2856.1
21/8/2018;2863;2861.5;2873.2;2861.3
20/8/2018;2857.1;2853.9;2859.8;2850.6
17/8/2018;2850.1;2838.3;2855.6;2833.7
16/8/2018;2840.7;2831.4;2850.5;2831.4
15/8/2018;2818.4;2827.9;2827.9;2802.5
14/8/2018;2840;2827.9;2843.1;2826.6
13/8/2018;2821.9;2835.5;2843.4;2819.9
10/8/2018;2833.3;2839.6;2842.2;2825.8
9/8/2018;2853.6;2857.2;2862.5;2852
8/8/2018;2857.7;2856.8;2862.4;2853.1
7/8/2018;2858.4;2855.9;2863.4;2855.9
6/8/2018;2850.4;2840.3;2853.3;2836
3/8/2018;2840.3;2829.6;2840.4;2827.4
2/8/2018;2827.2;2800.5;2829.9;2796.3
1/8/2018;2813.4;2821.2;2825.8;2805.8
31/7/2018;2816.3;2809.7;2824.5;2808.1
30/7/2018;2802.6;2819;2821.7;2798.1
27/7/2018;2818.8;2842.3;2843.2;2808.3
26/7/2018;2837.4;2835.5;2845.6;2835.3
25/7/2018;2846.1;2817.7;2848;2817.7
24/7/2018;2820.4;2820.7;2830;2811.1
23/7/2018;2807;2799.2;2808.6;2795.1
20/7/2018;2801.8;2804.6;2809.7;2800
19/7/2018;2804.5;2809.4;2812.1;2799.8
18/7/2018;2815.6;2811.3;2816.8;2805.9
17/7/2018;2809.6;2789.3;2814.2;2789.2
16/7/2018;2798.4;2801.4;2803.7;2793.4
13/7/2018;2801.3;2796.9;2804.5;2791.7
12/7/2018;2798.3;2783.1;2799.2;2781.5
11/7/2018;2774;2779.8;2785.9;2770.8
10/7/2018;2793.8;2788.6;2795.6;2786.2
9/7/2018;2784.2;2768.5;2784.7;2768.5
6/7/2018;2759.8;2737.7;2764.4;2733.5
5/7/2018;2736.6;2724.2;2737.8;2716
3/7/2018;2713.2;2733.3;2736.6;2711.2
2/7/2018;2726.7;2704.9;2727.3;2698.9
29/6/2018;2718.4;2727.1;2743.3;2718
28/6/2018;2716.3;2698.7;2724.3;2692
27/6/2018;2699.6;2728.4;2746.1;2699.4
26/6/2018;2723.1;2722.1;2732.9;2715.6
25/6/2018;2717.1;2742.9;2742.9;2698.7
22/6/2018;2754.9;2760.8;2764.2;2752.7
21/6/2018;2749.8;2769.3;2769.3;2744.4
20/6/2018;2767.3;2769.7;2774.9;2763.9
19/6/2018;2762.6;2752;2765.1;2743.2
18/6/2018;2773.8;2765.8;2775;2757.1
15/6/2018;2779.7;2777.8;2782.8;2761.7
14/6/2018;2782.5;2783.2;2789.1;2776.5
13/6/2018;2775.6;2787.9;2791.5;2774.7
12/6/2018;2786.8;2785.6;2789.8;2778.8
11/6/2018;2782;2780.2;2790.2;2780.2
8/6/2018;2779;2765.8;2779.4;2763.6
7/6/2018;2770.4;2774.8;2779.9;2760.2
6/6/2018;2772.3;2753.2;2772.4;2748.5
5/6/2018;2748.8;2748.5;2752.6;2739.5
4/6/2018;2746.9;2741.7;2749.2;2740.5
1/6/2018;2734.6;2718.7;2736.9;2718.7
31/5/2018;2705.3;2721;2722.5;2700.7
30/5/2018;2724;2702.4;2729.3;2702.4
29/5/2018;2689.9;2705.1;2710.7;2676.8
25/5/2018;2721.3;2723.6;2727.4;2715
24/5/2018;2727.8;2730.9;2732;2707.4
23/5/2018;2733.3;2714;2733.3;2709.5
22/5/2018;2724.4;2738.3;2742.2;2721.9
21/5/2018;2733;2725.9;2739.2;2725.7
18/5/2018;2713;2717.3;2719.5;2709.2
17/5/2018;2720.1;2719.7;2732;2711.4
16/5/2018;2722.5;2712.6;2727.8;2712.2
15/5/2018;2711.4;2718.6;2718.6;2701.9
14/5/2018;2730.1;2733.4;2742.1;2725.5
11/5/2018;2727.7;2722.7;2732.9;2717.4
10/5/2018;2723.1;2705;2726.1;2704.5
9/5/2018;2697.8;2678.1;2701.3;2674.1
8/5/2018;2671.9;2670.3;2676.3;2655.2
7/5/2018;2672.6;2669.4;2683.3;2664.7
4/5/2018;2663.4;2621.4;2670.9;2615.3
3/5/2018;2629.7;2628.1;2637.1;2594.6
2/5/2018;2635.7;2654.2;2660.9;2631.7
1/5/2018;2654.8;2643.6;2655.3;2625.4
30/4/2018;2648.1;2675.1;2682.9;2648
27/4/2018;2669.9;2675.5;2677.3;2659
26/4/2018;2666.9;2651.7;2676.5;2647.2
25/4/2018;2639.4;2634.9;2645.3;2612.7
24/4/2018;2634.6;2680.8;2683.6;2617.3
23/4/2018;2670.3;2675.4;2682.9;2658
20/4/2018;2670.1;2692.6;2693.9;2660.6
19/4/2018;2693.1;2701.2;2702.8;2681.9
18/4/2018;2708.6;2710.1;2717.5;2703.6
17/4/2018;2706.4;2692.7;2713.3;2692.1
16/4/2018;2677.8;2670.1;2686.5;2665.2
13/4/2018;2656.3;2676.9;2680.3;2645.1
12/4/2018;2664;2653.8;2674.7;2653.8
11/4/2018;2642.2;2643.9;2661.4;2639.2
10/4/2018;2656.9;2638.4;2665.4;2635.8
9/4/2018;2613.2;2617.2;2653.6;2610.8
6/4/2018;2604.5;2645.8;2656.9;2586.3
5/4/2018;2662.8;2657.4;2672.1;2649.6
4/4/2018;2644.7;2584;2649.9;2573.6
3/4/2018;2614.4;2592.2;2619.1;2575.5
2/4/2018;2581.9;2633.4;2638.3;2553.8
29/3/2018;2640.9;2614.4;2659.1;2609.7
28/3/2018;2605;2611.3;2632.7;2593.1
27/3/2018;2612.6;2667.6;2674.8;2596.1
26/3/2018;2658.6;2619.3;2661.4;2601.8
23/3/2018;2588.3;2646.7;2657.7;2585.9
22/3/2018;2643.7;2691.4;2695.7;2641.6
21/3/2018;2711.9;2715;2739.1;2709.8
20/3/2018;2716.9;2715.1;2724.2;2710.1
19/3/2018;2712.9;2741.4;2741.4;2694.6
16/3/2018;2752;2750.6;2761.8;2750
15/3/2018;2747.3;2754.3;2763;2741.5
14/3/2018;2749.5;2774.1;2777.1;2744.4
13/3/2018;2765.3;2792.3;2801.9;2758.7
12/3/2018;2783;2790.5;2797;2779.3
9/3/2018;2786.6;2752.9;2786.6;2751.5
8/3/2018;2739;2732.8;2740.4;2722.7
7/3/2018;2726.8;2710.2;2730.6;2701.7
6/3/2018;2728.1;2730.2;2732.1;2711.3
5/3/2018;2720.9;2681.1;2728.1;2675.8
2/3/2018;2691.2;2658.9;2696.2;2647.3
1/3/2018;2677.7;2715.2;2730.9;2659.7
28/2/2018;2713.8;2753.8;2761.5;2713.5
27/2/2018;2744.3;2780.4;2789.2;2744.2
26/2/2018;2779.6;2757.4;2780.6;2753.8
23/2/2018;2747.3;2715.8;2747.8;2713.7
22/2/2018;2704;2710.4;2731.3;2697.8
21/2/2018;2701.3;2720.5;2747.8;2701.3
20/2/2018;2716.3;2723;2737.6;2706.8
16/2/2018;2732.2;2727.1;2754.4;2725.1
15/2/2018;2731.2;2713.5;2731.5;2689.8
14/2/2018;2698.6;2651.2;2702.1;2648.9
13/2/2018;2662.9;2646.3;2668.8;2637.1
12/2/2018;2656;2636.8;2672.6;2622.4
9/2/2018;2619.6;2601.8;2638.7;2532.7
8/2/2018;2581;2685;2685.3;2580.6
7/2/2018;2681.7;2690.9;2727.7;2681.3
6/2/2018;2695.1;2614.8;2701;2593.1
5/2/2018;2648.9;2741.1;2763.4;2638.2
2/2/2018;2762.1;2808.9;2808.9;2760
1/2/2018;2822;2816.4;2836;2812.7
31/1/2018;2823.8;2832.4;2839.3;2813
30/1/2018;2822.4;2832.7;2837.8;2818.3
29/1/2018;2853.5;2867.2;2870.6;2851.5
26/1/2018;2872.9;2847.5;2872.9;2846.2
25/1/2018;2839.2;2846.2;2848.6;2830.9
24/1/2018;2837.5;2845.4;2853;2824.8
23/1/2018;2839.1;2835.1;2842.2;2830.6
22/1/2018;2833;2809.2;2833;2808.1
19/1/2018;2810.3;2802.6;2810.3;2798.1
18/1/2018;2798;2802.4;2805.8;2792.6
17/1/2018;2802.6;2785;2807;2778.4
16/1/2018;2776.4;2799;2807.5;2768.6
12/1/2018;2786.2;2770.2;2787.8;2769.6
11/1/2018;2767.6;2753;2767.6;2752.8
10/1/2018;2748.2;2745.6;2750.8;2736.1
9/1/2018;2751.3;2751.2;2759.1;2747.9
8/1/2018;2747.7;2742.7;2748.5;2737.6
5/1/2018;2743.2;2731.3;2743.4;2727.9
4/1/2018;2724;2719.3;2729.3;2719.1
3/1/2018;2713.1;2697.8;2714.4;2697.8
2/1/2018;2695.8;2683.7;2695.9;2682.4
29/12/2017;2673.6;2689.2;2692.1;2673.6
28/12/2017;2687.5;2686.1;2687.7;2682.7
27/12/2017;2682.6;2682.1;2685.6;2678.9
26/12/2017;2680.5;2679.1;2682.7;2678
22/12/2017;2683.3;2684.2;2685.3;2678.1
21/12/2017;2684.6;2683;2692.6;2682.4
20/12/2017;2679.2;2688.2;2691;2676.1
19/12/2017;2681.5;2692.7;2694.4;2680.7
18/12/2017;2690.2;2685.9;2695;2685.9
15/12/2017;2675.8;2660.6;2679.6;2659.1
14/12/2017;2652;2665.9;2668.1;2652
13/12/2017;2662.8;2667.6;2671.9;2662.8
12/12/2017;2664.1;2661.7;2669.7;2659.8
11/12/2017;2660;2652.2;2660.3;2651.5
8/12/2017;2651.5;2646.2;2651.7;2644.1
7/12/2017;2637;2628.4;2641;2626.5
6/12/2017;2629.3;2626.2;2634.4;2624.8
5/12/2017;2629.6;2639.8;2648.7;2627.7
4/12/2017;2639.4;2657.2;2665.2;2639
1/12/2017;2642.2;2645.1;2650.6;2605.5
30/11/2017;2647.6;2633.9;2657.7;2633.9
29/11/2017;2626.1;2627.8;2634.9;2620.3
28/11/2017;2627;2605.9;2627.7;2605.4
27/11/2017;2601.4;2602.7;2606.4;2598.9
24/11/2017;2602.4;2600.4;2604.2;2600.4
22/11/2017;2597.1;2600.3;2600.9;2595.2
21/11/2017;2599;2589.2;2601.2;2589.2
20/11/2017;2582.1;2579.5;2584.6;2578.2
17/11/2017;2578.8;2582.9;2584;2577.6
16/11/2017;2585.6;2572.9;2590.1;2572.9
15/11/2017;2564.6;2569.4;2572.8;2557.4
14/11/2017;2578.9;2577.8;2579.7;2566.6
13/11/2017;2584.8;2576.5;2587.7;2574.5
10/11/2017;2582.3;2580.2;2583.8;2575.6
9/11/2017;2584.6;2584;2586.5;2566.3
8/11/2017;2594.4;2588.7;2595.5;2585
7/11/2017;2590.6;2592.1;2597;2584.3
6/11/2017;2591.1;2587.5;2593.4;2585.7
3/11/2017;2587.8;2581.9;2588.4;2576.8
2/11/2017;2579.8;2579.5;2581.1;2566.2
1/11/2017;2579.4;2583.2;2588.4;2574.9
31/10/2017;2575.3;2576;2578.3;2572.2
30/10/2017;2572.8;2577.8;2580;2568.2
27/10/2017;2581.1;2570.3;2583;2565.9
26/10/2017;2560.4;2560.1;2567.1;2559.8
25/10/2017;2557.2;2566.5;2567.4;2544
24/10/2017;2569.1;2568.7;2572.2;2565.6
23/10/2017;2565;2578.1;2578.3;2564.3
20/10/2017;2575.2;2567.6;2575.4;2567.6
19/10/2017;2562.1;2553.4;2562.4;2547.9
18/10/2017;2561.3;2562.9;2564.1;2559.7
17/10/2017;2559.4;2557.2;2559.7;2554.7
16/10/2017;2557.6;2555.6;2559.5;2552.6
13/10/2017;2553.2;2555.7;2557.7;2552.1
12/10/2017;2550.9;2552.9;2555.3;2548.3
11/10/2017;2555.2;2550.6;2555.2;2547.9
10/10/2017;2550.6;2550;2555.2;2544.9
9/10/2017;2544.7;2551.4;2551.8;2541.6
6/10/2017;2549.3;2547.4;2549.4;2543.8
5/10/2017;2552.1;2540.9;2552.5;2540
4/10/2017;2537.7;2533.5;2540.5;2531.8
3/10/2017;2534.6;2530.3;2535.1;2528.8
2/10/2017;2529.1;2521.2;2529.2;2520.4
29/9/2017;2519.4;2510;2519.4;2508
28/9/2017;2510.1;2503.4;2510.8;2502.9
27/9/2017;2507;2503.3;2511.8;2495.9
26/9/2017;2496.8;2501;2503.5;2495.1
25/9/2017;2496.7;2499.4;2502.5;2488
22/9/2017;2502.2;2497.3;2503.5;2496.5
21/9/2017;2500.6;2507.2;2507.2;2499
20/9/2017;2508.2;2506.8;2508.8;2496.7
19/9/2017;2506.7;2506.3;2507.8;2503.2
18/9/2017;2503.9;2502.5;2508.3;2499.9
15/9/2017;2500.2;2495.7;2500.2;2493.2
14/9/2017;2495.6;2494.6;2498.4;2491.3
13/9/2017;2498.4;2493.9;2498.4;2492.1
12/9/2017;2496.5;2491.9;2496.8;2490.4
11/9/2017;2488.1;2474.5;2488.9;2474.5
8/9/2017;2461.4;2462.2;2467.1;2459.4
7/9/2017;2465.1;2468.1;2468.6;2460.3
6/9/2017;2465.5;2463.8;2469.6;2459.2
5/9/2017;2457.8;2470.3;2472;2446.6
1/9/2017;2476.6;2474.4;2480.4;2473.8
31/8/2017;2471.7;2462.7;2475;2462.7
30/8/2017;2457.6;2446.1;2460.3;2443.8
29/8/2017;2446.3;2431.9;2449.2;2428.2
28/8/2017;2444.2;2447.3;2449.1;2439
25/8/2017;2443.1;2444.7;2454;2442.2
24/8/2017;2439;2447.9;2450.4;2436.2
23/8/2017;2444;2444.9;2448.9;2441.4
22/8/2017;2452.5;2433.8;2454.8;2433.7
21/8/2017;2428.4;2425.5;2430.6;2417.3
18/8/2017;2425.6;2427.6;2440.3;2420.7
17/8/2017;2430;2462.9;2465;2430
16/8/2017;2468.1;2468.6;2474.9;2463.9
15/8/2017;2464.6;2468.7;2468.9;2461.6
14/8/2017;2465.8;2455;2468.2;2455
11/8/2017;2441.3;2441;2448.1;2437.8
10/8/2017;2438.2;2465.4;2465.4;2437.8
9/8/2017;2474;2465.3;2474.4;2462.1
8/8/2017;2474.9;2478.3;2490.9;2470.3
7/8/2017;2480.9;2477.1;2480.9;2475.9
4/8/2017;2476.8;2476.9;2480;2472.1
3/8/2017;2472.2;2476;2476;2468.8
2/8/2017;2477.6;2480.4;2480.4;2466.5
1/8/2017;2476.3;2477.1;2478.5;2471.1
31/7/2017;2470.3;2475.9;2478;2468.5
28/7/2017;2472.1;2469.1;2473.5;2464.7
27/7/2017;2475.4;2482.8;2484;2459.9
26/7/2017;2477.8;2480;2481.7;2474.9
25/7/2017;2477.1;2477.9;2481.2;2474.9
24/7/2017;2469.9;2472;2473.1;2466.3
21/7/2017;2472.5;2467.4;2472.5;2465.1
20/7/2017;2473.4;2475.6;2477.6;2468.4
19/7/2017;2473.8;2463.8;2473.8;2463.8
18/7/2017;2460.6;2455.9;2460.9;2450.3
17/7/2017;2459.1;2459.5;2462.8;2457.2
14/7/2017;2459.3;2449.2;2463.5;2446.7
13/7/2017;2447.8;2445;2449.3;2441.7
12/7/2017;2443.2;2435.8;2445.8;2435.8
11/7/2017;2425.5;2427.3;2429.3;2412.8
10/7/2017;2427.4;2424.5;2432;2422.3
7/7/2017;2425.2;2413.5;2426.9;2413.5
6/7/2017;2409.8;2423.4;2424.3;2407.7
5/7/2017;2432.5;2430.8;2434.9;2422.1
3/7/2017;2429;2431.4;2439.2;2428.7
30/6/2017;2423.4;2429.2;2432.7;2421.7
29/6/2017;2419.7;2442.4;2442.7;2405.7
28/6/2017;2440.7;2428.7;2443;2428
27/6/2017;2419.4;2436.3;2440.2;2419.4
26/6/2017;2439.1;2443.3;2450.4;2437
23/6/2017;2438.3;2434.7;2441.4;2431.1
22/6/2017;2434.5;2437.4;2441.6;2433.3
21/6/2017;2435.6;2439.3;2442.2;2430.7
20/6/2017;2437;2450.7;2450.7;2436.6
19/6/2017;2453.5;2442.6;2453.8;2441.8
16/6/2017;2433.2;2431.2;2433.2;2422.9
15/6/2017;2432.5;2424.1;2433.9;2418.5
14/6/2017;2437.9;2443.8;2443.8;2428.3
13/6/2017;2440.3;2434.2;2441.5;2431.3
12/6/2017;2429.4;2425.9;2430.4;2420
9/6/2017;2431.8;2436.4;2446.2;2415.7
8/6/2017;2433.8;2434.3;2439.3;2427.9
7/6/2017;2433.1;2432;2435.3;2424.8
6/6/2017;2429.3;2431.9;2436.2;2428.1
5/6/2017;2436.1;2437.8;2439.6;2434.3
2/6/2017;2439.1;2431.3;2440.2;2427.7
1/6/2017;2430.1;2415.7;2430.1;2413.5
31/5/2017;2411.8;2415.6;2416;2403.6
30/5/2017;2412.9;2411.7;2415.3;2409.4
26/5/2017;2415.8;2414.5;2416.7;2412.2
25/5/2017;2415.1;2409.5;2418.7;2408
24/5/2017;2404.4;2401.4;2405.6;2398
23/5/2017;2398.4;2397;2400.8;2393.9
22/5/2017;2394;2387.2;2395.5;2386.9
19/5/2017;2381.7;2371.4;2389.1;2370.4
18/5/2017;2365.7;2354.7;2375.7;2352.7
17/5/2017;2357;2382.9;2384.9;2356.2
16/5/2017;2400.7;2404.6;2405.8;2396.1
15/5/2017;2402.3;2394;2404.1;2393.9
12/5/2017;2390.9;2392.4;2392.4;2387.2
11/5/2017;2394.4;2394.8;2395.7;2381.7
10/5/2017;2399.6;2396.8;2399.7;2392.8
9/5/2017;2396.9;2401.6;2403.9;2392.4
8/5/2017;2399.4;2399.9;2401.4;2393.9
5/5/2017;2399.3;2392.4;2399.3;2389.4
4/5/2017;2389.5;2389.8;2391.4;2380.3
3/5/2017;2388.1;2386.5;2389.8;2379.8
2/5/2017;2391.2;2391.1;2392.9;2385.8
1/5/2017;2388.3;2388.5;2394.5;2384.8
28/4/2017;2384.2;2393.7;2393.7;2382.4
27/4/2017;2388.8;2389.7;2392.1;2382.7
26/4/2017;2387.4;2389;2398.2;2386.8
25/4/2017;2388.6;2381.5;2392.5;2381.2
24/4/2017;2374.2;2370.3;2377;2369.2
21/4/2017;2348.7;2354.7;2356.2;2344.5
20/4/2017;2355.8;2342.7;2361.4;2340.9
19/4/2017;2338.2;2346.8;2352.6;2335.1
18/4/2017;2342.2;2342.5;2348.3;2334.5
17/4/2017;2349;2332.6;2349.1;2332.5
13/4/2017;2328.9;2342;2348.3;2328.9
12/4/2017;2344.9;2352.2;2352.7;2341.2
11/4/2017;2353.8;2353.9;2355.2;2337.2
10/4/2017;2357.2;2357.2;2366.4;2351.5
7/4/2017;2355.5;2356.6;2363.8;2350.7
6/4/2017;2357.5;2353.8;2364.2;2348.9
5/4/2017;2352.9;2366.6;2378.4;2350.5
4/4/2017;2360.2;2354.8;2360.5;2350.7
3/4/2017;2358.8;2362.3;2365.9;2344.7
31/3/2017;2362.7;2364.8;2370.3;2362.6
30/3/2017;2368.1;2361.3;2370.4;2358.6
29/3/2017;2361.1;2356.5;2363.4;2352.9
28/3/2017;2358.6;2339.8;2363.8;2337.6
27/3/2017;2341.6;2329.1;2344.9;2322.2
24/3/2017;2344;2350.4;2356.2;2335.7
23/3/2017;2346;2346;2358.9;2342.1
22/3/2017;2348.4;2343;2351.8;2336.4
21/3/2017;2344;2379.3;2381.9;2341.9
20/3/2017;2373.5;2378.2;2379.6;2369.7
17/3/2017;2378.2;2383.7;2385.7;2377.6
16/3/2017;2381.4;2387.7;2388.1;2377.2
15/3/2017;2385.3;2370.3;2390;2368.9
14/3/2017;2365.4;2368.6;2368.6;2358.2
13/3/2017;2373.5;2371.6;2374.4;2368.5
10/3/2017;2372.6;2372.5;2376.9;2363
9/3/2017;2364.9;2363.5;2369.1;2354.5
8/3/2017;2363;2369.8;2373.1;2361
7/3/2017;2368.4;2370.7;2375.1;2365.5
6/3/2017;2375.3;2375.2;2378.8;2368
3/3/2017;2383.1;2380.9;2383.9;2375.4
2/3/2017;2381.9;2394.8;2394.8;2380.2
1/3/2017;2396;2380.1;2401;2380.1
28/2/2017;2363.6;2366.1;2367.8;2359
27/2/2017;2369.8;2365.2;2371.5;2361.9
24/2/2017;2367.3;2355.7;2367.3;2352.9
23/2/2017;2363.8;2367.5;2368.3;2355.1
22/2/2017;2362.8;2361.1;2365.1;2358.3
21/2/2017;2365.4;2354.9;2366.7;2354.9
17/2/2017;2351.2;2343;2351.2;2339.6
16/2/2017;2347.2;2349.6;2351.3;2338.9
15/2/2017;2349.2;2335.6;2351.3;2334.8
14/2/2017;2337.6;2326.1;2337.6;2322.2
13/2/2017;2328.2;2321.7;2331.6;2321.4
10/2/2017;2316.1;2312.3;2319.2;2311.1
9/2/2017;2307.9;2296.7;2311.1;2296.6
8/2/2017;2294.7;2289.6;2295.9;2285.4
7/2/2017;2293.1;2295.9;2299.4;2290.2
6/2/2017;2292.6;2294.3;2296.2;2288.6
3/2/2017;2297.4;2288.5;2298.3;2287.9
2/2/2017;2280.8;2276.7;2284;2271.7
1/2/2017;2279.6;2285.6;2289.1;2272.4
31/1/2017;2278.9;2274;2279.1;2267.2
30/1/2017;2280.9;2286;2286;2268
27/1/2017;2294.7;2299;2299;2291.6
26/1/2017;2296.7;2298.6;2301;2294.1
25/1/2017;2298.4;2288.9;2299.6;2288.9
24/1/2017;2280.1;2267.9;2284.6;2266.7
23/1/2017;2265.2;2267.8;2271.8;2257
20/1/2017;2271.3;2270;2277;2265
19/1/2017;2263.7;2271.9;2274.3;2258.4
18/1/2017;2271.9;2269.1;2272;2263.3
17/1/2017;2267.9;2269.1;2272.1;2262.8
13/1/2017;2274.6;2272.7;2278.7;2271.5
12/1/2017;2270.4;2271.1;2271.8;2254.2
11/1/2017;2275.3;2268.6;2275.3;2260.8
10/1/2017;2268.9;2269.7;2279.3;2265.3
9/1/2017;2268.9;2273.6;2275.5;2268.9
6/1/2017;2277;2271.1;2282.1;2264.1
5/1/2017;2269;2268.2;2271.5;2260.4
4/1/2017;2270.8;2261.6;2272.8;2261.6
3/1/2017;2257.8;2251.6;2263.9;2245.1
30/12/2016;2238.8;2251.6;2253.6;2233.6
29/12/2016;2249.3;2249.5;2254.5;2244.6
28/12/2016;2249.9;2270.2;2271.3;2249.1
27/12/2016;2268.9;2266.2;2273.8;2266.2
23/12/2016;2263.8;2260.2;2263.8;2258.8
22/12/2016;2261;2262.9;2263.2;2256.1
21/12/2016;2265.2;2270.5;2271.2;2265.2
20/12/2016;2270.8;2266.5;2272.6;2266.1
19/12/2016;2262.5;2259.2;2267.5;2258.2
16/12/2016;2258.1;2266.8;2268.1;2254.2
15/12/2016;2262;2253.8;2272.1;2253.8
14/12/2016;2253.3;2268.3;2276.2;2248.4
13/12/2016;2271.7;2263.3;2277.5;2263.3
12/12/2016;2257;2258.8;2264;2252.4
9/12/2016;2259.5;2249.7;2259.8;2249.2
8/12/2016;2246.2;2241.1;2251.7;2237.6
7/12/2016;2241.3;2210.7;2241.6;2208.9
6/12/2016;2212.2;2207.3;2212.8;2202.2
5/12/2016;2204.7;2200.7;2209.4;2200
2/12/2016;2191.9;2191.1;2197.9;2188.4
1/12/2016;2191.1;2200.2;2202.6;2187.4
30/11/2016;2198.8;2205;2214.1;2198.8
29/11/2016;2204.7;2200.8;2210.5;2198.2
28/11/2016;2201.7;2210.2;2211.1;2200.4
25/11/2016;2213.3;2206.3;2213.3;2206.3
23/11/2016;2204.7;2198.6;2204.7;2194.5
22/11/2016;2202.9;2201.6;2204.8;2194.5
21/11/2016;2198.2;2186.4;2198.7;2186.4
18/11/2016;2181.9;2186.8;2189.9;2180.4
17/11/2016;2187.1;2178.6;2188.1;2176.7
16/11/2016;2176.9;2177.5;2179.2;2172.2
15/11/2016;2180.4;2168.3;2180.8;2166.4
14/11/2016;2164.2;2165.6;2171.4;2156.1
11/11/2016;2164.4;2162.7;2165.9;2152.5
10/11/2016;2167.5;2167.5;2182.3;2151.2
9/11/2016;2163.3;2131.6;2170.1;2125.3
8/11/2016;2139.6;2129.9;2146.9;2123.6
7/11/2016;2131.5;2100.6;2132;2100.6
4/11/2016;2085.2;2083.8;2099.1;2083.8
3/11/2016;2088.7;2098.8;2102.6;2085.2
2/11/2016;2097.9;2109.4;2111.8;2094
1/11/2016;2111.7;2128.7;2131.4;2097.8
31/10/2016;2126.2;2129.8;2133.2;2125.5
28/10/2016;2126.4;2132.2;2140.7;2119.4
27/10/2016;2133;2144.1;2147.1;2132.5
26/10/2016;2139.4;2137;2145.7;2131.6
25/10/2016;2143.2;2149.7;2151.4;2141.9
24/10/2016;2151.3;2148.5;2154.8;2146.9
21/10/2016;2141.2;2139.4;2142.6;2130.1
20/10/2016;2141.3;2142.5;2147.2;2133.4
19/10/2016;2144.3;2140.8;2148.4;2138.2
18/10/2016;2139.6;2138.3;2144.4;2135.5
17/10/2016;2126.5;2132.9;2135.6;2124.4
14/10/2016;2133;2139.7;2149.2;2133
13/10/2016;2132.6;2130.3;2138.2;2114.7
12/10/2016;2139.2;2137.7;2145.4;2132.8
11/10/2016;2136.7;2161.3;2161.6;2128.8
10/10/2016;2163.7;2160.4;2169.6;2160.4
7/10/2016;2153.7;2164.2;2165.9;2144.8
6/10/2016;2160.8;2158.2;2162.9;2150.3
5/10/2016;2159.7;2155.2;2163.9;2155.2
4/10/2016;2150.5;2163.4;2165.5;2144
3/10/2016;2161.2;2164.3;2164.4;2154.8
30/9/2016;2168.3;2156.5;2175.3;2156.5
29/9/2016;2151.1;2168.9;2172.7;2145.2
28/9/2016;2171.4;2161.8;2172.4;2151.8
27/9/2016;2159.9;2146;2161.1;2141.6
26/9/2016;2146.1;2158.5;2158.5;2145
23/9/2016;2164.7;2173.3;2173.8;2164
22/9/2016;2177.2;2170.9;2180;2170.9
21/9/2016;2163.1;2144.6;2165.1;2139.6
20/9/2016;2139.8;2145.9;2150.8;2139.2
19/9/2016;2139.1;2144;2153.6;2135.9
16/9/2016;2139.2;2146.5;2146.5;2131.2
15/9/2016;2147.3;2125.4;2151.3;2122.4
14/9/2016;2125.8;2127.9;2141.3;2119.9
13/9/2016;2127;2150.5;2150.5;2120.3
12/9/2016;2159;2120.9;2163.3;2119.1
9/9/2016;2127.8;2169.1;2169.1;2127.8
8/9/2016;2181.3;2182.8;2184.9;2177.5
7/9/2016;2186.2;2185.2;2187.9;2179.1
6/9/2016;2186.5;2181.6;2186.6;2175.1
2/9/2016;2180;2177.5;2184.9;2173.6
1/9/2016;2170.9;2171.3;2173.6;2157.1
31/8/2016;2170.9;2173.6;2173.8;2161.3
30/8/2016;2176.1;2179.4;2182.3;2170.4
29/8/2016;2180.4;2170.2;2183.5;2170.2
26/8/2016;2169;2175.1;2187.9;2160.4
25/8/2016;2172.5;2173.3;2179;2169.7
24/8/2016;2175.4;2185.1;2186.7;2171.2
23/8/2016;2186.9;2187.8;2193.4;2186.8
22/8/2016;2182.6;2181.6;2185.2;2176
19/8/2016;2183.9;2184.2;2185;2175.1
18/8/2016;2187;2181.9;2187;2180.5
17/8/2016;2182.2;2177.8;2183.1;2168.5
16/8/2016;2178.2;2186.2;2186.2;2178.1
15/8/2016;2190.2;2186.1;2193.8;2186.1
12/8/2016;2184.1;2183.7;2186.3;2179.4
11/8/2016;2185.8;2178;2188.4;2178
10/8/2016;2175.5;2182.8;2183.4;2172
9/8/2016;2181.7;2182.2;2187.7;2178.6
8/8/2016;2180.9;2183.8;2185.4;2177.8
5/8/2016;2182.9;2168.8;2182.9;2168.8
4/8/2016;2164.2;2163.5;2168.2;2159.1
3/8/2016;2163.8;2156.8;2163.8;2152.6
2/8/2016;2157;2169.9;2170.2;2147.6
1/8/2016;2170.8;2173.2;2178.3;2166.2
29/7/2016;2173.6;2168.8;2177.1;2163.5
28/7/2016;2170.1;2166.1;2172.8;2159.7
27/7/2016;2166.6;2169.8;2175;2159.1
26/7/2016;2169.2;2169;2173.5;2160.2
25/7/2016;2168.5;2173.7;2173.7;2161.9
22/7/2016;2175;2166.5;2175.1;2163.2
21/7/2016;2165.2;2172.9;2174.6;2159.8
20/7/2016;2173;2166.1;2175.6;2164.9
19/7/2016;2163.8;2163.8;2164.6;2159
18/7/2016;2166.9;2162;2168.3;2159.6
15/7/2016;2161.7;2165.1;2169.1;2155.8
14/7/2016;2163.8;2157.9;2169;2157.9
13/7/2016;2152.4;2153.8;2156.4;2146.2
12/7/2016;2152.1;2139.5;2155.4;2139.5
11/7/2016;2137.2;2131.7;2143.2;2131.7
8/7/2016;2129.9;2107;2131.7;2107
7/7/2016;2097.9;2100.4;2109.1;2089.4
6/7/2016;2099.7;2084.4;2100.7;2074
5/7/2016;2088.6;2095.1;2095.1;2080.9
1/7/2016;2102.9;2099.3;2108.7;2097.9
30/6/2016;2098.9;2073.2;2098.9;2070
29/6/2016;2070.8;2042.7;2073.1;2042.7
28/6/2016;2036.1;2006.7;2036.1;2006.7
27/6/2016;2000.5;2031.5;2031.5;1991.7
24/6/2016;2037.4;2103.8;2103.8;2032.6
23/6/2016;2113.3;2092.8;2113.3;2092.8
22/6/2016;2085.4;2089.8;2099.7;2084.4
21/6/2016;2088.9;2085.2;2093.7;2083
20/6/2016;2083.2;2075.6;2100.7;2075.6
17/6/2016;2071.2;2078.2;2078.2;2062.8
16/6/2016;2078;2066.4;2079.6;2050.4
15/6/2016;2071.5;2077.6;2085.7;2069.8
14/6/2016;2075.3;2076.7;2081.3;2064.1
13/6/2016;2079.1;2091.8;2098.1;2078.5
10/6/2016;2096.1;2109.6;2109.6;2090
9/6/2016;2115.5;2115.7;2117.6;2107.7
8/6/2016;2119.1;2112.7;2120.6;2112.7
7/6/2016;2112.1;2110.2;2119.2;2110.2
6/6/2016;2109.4;2100.8;2113.4;2100.8
3/6/2016;2099.1;2104.1;2104.1;2085.4
2/6/2016;2105.3;2097.7;2105.3;2088.6
1/6/2016;2099.3;2093.9;2101;2085.1
31/5/2016;2097;2100.1;2103.5;2088.7
27/5/2016;2099.1;2090.1;2099.1;2090.1
26/5/2016;2090.1;2091.4;2094.3;2087.1
25/5/2016;2090.5;2078.9;2094.7;2078.9
24/5/2016;2076.1;2052.7;2079.7;2052.7
23/5/2016;2048;2052.2;2055.6;2047.3
20/5/2016;2052.3;2041.9;2058.3;2041.9
19/5/2016;2040;2044.2;2044.2;2025.9
18/5/2016;2047.6;2044.4;2060.6;2034.5
17/5/2016;2047.2;2065;2065.7;2040.8
16/5/2016;2066.7;2046.5;2071.9;2046.5
13/5/2016;2046.6;2062.5;2066.8;2043.1
12/5/2016;2064.1;2067.2;2074;2053.1
11/5/2016;2064.5;2083.3;2083.3;2064.5
10/5/2016;2084.4;2062.6;2084.9;2062.6
9/5/2016;2058.7;2057.6;2064.2;2054.3
6/5/2016;2057.1;2047.8;2057.7;2039.5
5/5/2016;2050.6;2052.9;2060.2;2045.8
4/5/2016;2051.1;2060.3;2060.3;2045.5
3/5/2016;2063.4;2077.2;2077.2;2054.9
2/5/2016;2081.4;2067.2;2083.4;2066.1
29/4/2016;2065.3;2071.8;2073.8;2052.3
28/4/2016;2075.8;2090.9;2099.3;2071.6
27/4/2016;2095.2;2092.3;2099.9;2082.3
26/4/2016;2091.7;2089.8;2096.9;2085.8
25/4/2016;2087.8;2089.4;2089.4;2077.5
22/4/2016;2091.6;2091.5;2094.3;2081.2
21/4/2016;2091.5;2102.1;2103.8;2088.5
20/4/2016;2102.4;2101.5;2111.1;2096.3
19/4/2016;2100.8;2096.1;2104.1;2091.7
18/4/2016;2094.3;2078.8;2094.7;2073.7
15/4/2016;2080.7;2083.1;2083.2;2076.3
14/4/2016;2082.8;2082.9;2087.8;2078.1
13/4/2016;2082.4;2065.9;2083.2;2065.9
12/4/2016;2061.7;2043.7;2065.1;2039.7
11/4/2016;2042;2050.2;2062.9;2041.9
8/4/2016;2047.6;2045.5;2060.6;2041.7
7/4/2016;2041.9;2063;2063;2033.8
6/4/2016;2066.7;2045.6;2067.3;2043.1
5/4/2016;2045.2;2062.5;2062.5;2042.6
4/4/2016;2066.1;2073.2;2074;2062.6
1/4/2016;2072.8;2056.6;2075.1;2044
31/3/2016;2059.7;2063.8;2067.9;2057.5
30/3/2016;2063.9;2058.3;2072.2;2058.3
29/3/2016;2055;2035.8;2055.9;2028.3
28/3/2016;2037;2037.9;2042.7;2032
24/3/2016;2035.9;2032.5;2036;2022.5
23/3/2016;2036.7;2048.6;2048.6;2034.9
22/3/2016;2049.8;2048.6;2056.6;2040.6
21/3/2016;2051.6;2047.9;2053.9;2043.1
18/3/2016;2049.6;2041.2;2052.4;2041.2
17/3/2016;2040.6;2026.9;2046.2;2022.2
16/3/2016;2027.2;2014.2;2032;2010
15/3/2016;2015.9;2015.3;2015.9;2005.2
14/3/2016;2019.6;2019.3;2024.6;2012
11/3/2016;2022.2;1994.7;2022.4;1994.7
10/3/2016;1989.6;1991;2005.1;1969.2
9/3/2016;1989.3;1981.4;1992.7;1979.8
8/3/2016;1979.3;1996.9;1996.9;1977.4
7/3/2016;2001.8;1996.1;2006.1;1989.4
4/3/2016;2000;1994;2009.1;1986.8
3/3/2016;1993.4;1985.6;1993.7;1977.4
2/3/2016;1986.5;1976.6;1986.5;1968.8
1/3/2016;1978.3;1937.1;1978.3;1937.1
29/2/2016;1932.2;1947.1;1958.3;1931.8
26/2/2016;1948;1955;1963;1945.8
25/2/2016;1951.7;1931.9;1951.8;1925.4
24/2/2016;1929.8;1917.6;1932.1;1891
23/2/2016;1921.3;1942.4;1942.4;1919.4
22/2/2016;1945.5;1924.4;1946.7;1924.4
19/2/2016;1917.8;1916.7;1918.8;1902.2
18/2/2016;1917.8;1927.6;1930;1915.1
17/2/2016;1926.8;1898.8;1930.7;1898.8
16/2/2016;1895.6;1871.4;1895.8;1871.4
12/2/2016;1864.8;1833.4;1864.8;1833.4
11/2/2016;1829.1;1847;1847;1810.1
10/2/2016;1851.9;1857.1;1881.6;1850.3
9/2/2016;1852.2;1848.5;1868.2;1834.9
8/2/2016;1853.4;1873.2;1873.2;1828.5
5/2/2016;1880;1913.1;1913.1;1872.7
4/2/2016;1915.5;1911.7;1927.3;1900.5
3/2/2016;1912.5;1907.1;1918;1872.2
2/2/2016;1903;1935.3;1935.3;1897.3
1/2/2016;1939.4;1936.9;1947.2;1920.3
29/1/2016;1940.2;1894;1940.2;1894
28/1/2016;1893.4;1885.2;1903;1873.7
27/1/2016;1883;1902.5;1917;1872.7
26/1/2016;1903.6;1878.8;1906.7;1878.8
25/1/2016;1877.1;1906.3;1906.3;1876
22/1/2016;1906.9;1877.4;1908.8;1877.4
21/1/2016;1869;1861.5;1889.8;1849
20/1/2016;1859.3;1876.2;1876.2;1812.3
19/1/2016;1881.3;1888.7;1901.4;1864.6
15/1/2016;1880.3;1916.7;1916.7;1857.8
14/1/2016;1921.8;1891.7;1934.5;1878.9
13/1/2016;1890.3;1940.3;1950.3;1886.4
12/1/2016;1938.7;1927.8;1947.4;1914.3
11/1/2016;1923.7;1926.1;1935.7;1901.1
8/1/2016;1922;1946;1960.4;1918.5
7/1/2016;1943.1;1985.3;1985.3;1938.8
6/1/2016;1990.3;2011.7;2011.7;1979
5/1/2016;2016.7;2013.8;2021.9;2004.2
4/1/2016;2012.7;2038.2;2038.2;1989.7
31/12/2015;2043.9;2060.6;2062.5;2043.6
30/12/2015;2063.4;2077.3;2077.3;2062
29/12/2015;2078.4;2060.5;2081.6;2060.5
28/12/2015;2056.5;2057.8;2057.8;2044.2
24/12/2015;2061;2063.5;2067.4;2058.7
23/12/2015;2064.3;2042.2;2064.7;2042.2
22/12/2015;2039;2023.2;2042.7;2020.5
21/12/2015;2021.2;2010.3;2022.9;2005.9
18/12/2015;2005.5;2040.8;2040.8;2005.3
17/12/2015;2041.9;2073.8;2076.4;2041.7
16/12/2015;2073.1;2046.5;2076.7;2042.4
15/12/2015;2043.4;2025.5;2053.9;2025.5
14/12/2015;2021.9;2013.4;2022.9;1993.3
11/12/2015;2012.4;2047.3;2047.3;2008.8
10/12/2015;2052.2;2047.9;2067.7;2045.7
9/12/2015;2047.6;2061.2;2080.3;2036.5
8/12/2015;2063.6;2073.4;2073.8;2052.3
7/12/2015;2077.1;2090.4;2090.4;2066.8
4/12/2015;2091.7;2051.2;2093.8;2051.2
3/12/2015;2049.6;2080.7;2085;2042.3
2/12/2015;2079.5;2101.7;2104.3;2077.1
1/12/2015;2102.6;2082.9;2103.4;2082.9
30/11/2015;2080.4;2090.9;2093.8;2080.4
27/11/2015;2090.1;2088.8;2093.3;2084.1
25/11/2015;2088.9;2089.3;2093;2086.3
24/11/2015;2089.1;2084.4;2094.1;2070.3
23/11/2015;2086.6;2089.4;2095.6;2081.4
20/11/2015;2089.2;2082.8;2097.1;2082.8
19/11/2015;2081.2;2083.7;2086.7;2078.8
18/11/2015;2083.6;2052;2085.3;2052
17/11/2015;2050.4;2053.7;2066.7;2045.9
16/11/2015;2053.2;2022.1;2053.2;2019.4
13/11/2015;2023;2044.6;2044.6;2022
12/11/2015;2046;2072.3;2072.3;2045.7
11/11/2015;2075;2083.4;2086.9;2074.8
10/11/2015;2081.7;2077.2;2083.7;2069.9
9/11/2015;2078.6;2096.6;2096.6;2068.2
6/11/2015;2099.2;2098.6;2101.9;2083.7
5/11/2015;2099.9;2101.7;2108.8;2090.4
4/11/2015;2102.3;2110.6;2114.6;2097
3/11/2015;2109.8;2102.6;2116.5;2097.5
2/11/2015;2104.1;2080.8;2106.2;2080.8
30/10/2015;2079.4;2090;2094.3;2079.3
29/10/2015;2089.4;2088.3;2092.5;2082.6
28/10/2015;2090.3;2066.5;2090.3;2063.1
27/10/2015;2065.9;2068.8;2070.4;2058.8
26/10/2015;2071.2;2075.1;2075.1;2066.5
23/10/2015;2075.2;2058.2;2079.7;2058.2
22/10/2015;2052.5;2021.9;2055.2;2021.9
21/10/2015;2018.9;2033.5;2038;2017.2
20/10/2015;2030.8;2033.1;2039.1;2026.6
19/10/2015;2033.7;2031.7;2034.5;2022.3
16/10/2015;2033.1;2024.4;2033.5;2020.5
15/10/2015;2023.9;1996.5;2024.2;1996.5
14/10/2015;1994.2;2003.7;2009.6;1990.7
13/10/2015;2003.7;2015;2022.3;2001.8
12/10/2015;2017.5;2015.7;2018.7;2010.5
9/10/2015;2014.9;2013.7;2020.1;2007.6
8/10/2015;2013.4;1994;2016.5;1987.5
7/10/2015;1995.8;1982.3;1999.3;1976.4
6/10/2015;1979.9;1986.6;1991.6;1972
5/10/2015;1987;1954.3;1989.2;1954.3
2/10/2015;1951.4;1921.8;1951.4;1893.7
1/10/2015;1923.8;1919.7;1927.2;1900.7
30/9/2015;1920;1887.1;1920.5;1887.1
29/9/2015;1884.1;1881.9;1899.5;1871.9
28/9/2015;1881.8;1929.2;1929.2;1879.2
25/9/2015;1931.3;1935.9;1952.9;1921.5
24/9/2015;1932.2;1934.8;1937.2;1908.9
23/9/2015;1938.8;1943.2;1949.5;1932.6
22/9/2015;1942.7;1961.4;1961.4;1929.2
21/9/2015;1967;1960.8;1979.6;1955.8
18/9/2015;1958;1989.7;1989.7;1953.5
17/9/2015;1990.2;1995.3;2020.9;1986.7
16/9/2015;1995.3;1978;1997.3;1977.9
15/9/2015;1978.1;1955.1;1983.2;1954.3
14/9/2015;1953;1963.1;1963.1;1948.3
11/9/2015;1961;1951.5;1961;1939.2
10/9/2015;1952.3;1941.6;1965.3;1937.2
9/9/2015;1942;1971.5;1988.6;1937.9
8/9/2015;1969.4;1927.3;1970.4;1927.3
4/9/2015;1921.2;1947.8;1947.8;1911.2
3/9/2015;1951.1;1950.8;1975;1944.7
2/9/2015;1948.9;1916.5;1948.9;1916.5
1/9/2015;1913.8;1970.1;1970.1;1903.1
31/8/2015;1972.2;1986.7;1986.7;1966
28/8/2015;1988.9;1986.1;1993.5;1975.2
27/8/2015;1987.7;1942.8;1989.6;1942.8
26/8/2015;1940.5;1872.8;1943.1;1872.8
25/8/2015;1867.6;1898.1;1948;1867.1
24/8/2015;1893.2;1965.2;1965.2;1867
21/8/2015;1970.9;2034.1;2034.1;1970.9
20/8/2015;2035.7;2076.6;2076.6;2035.7
19/8/2015;2079.6;2095.7;2096.2;2070.5
18/8/2015;2096.9;2102;2103.5;2094.1
17/8/2015;2102.4;2089.7;2102.9;2079.3
14/8/2015;2091.5;2083.2;2092.4;2080.6
13/8/2015;2083.4;2086.2;2092.9;2078.3
12/8/2015;2086.1;2081.1;2089.1;2052.1
11/8/2015;2084.1;2102.7;2102.7;2076.5
10/8/2015;2104.2;2081;2105.3;2081
7/8/2015;2077.6;2082.6;2082.6;2067.9
6/8/2015;2083.6;2100.8;2103.3;2075.5
5/8/2015;2099.8;2095.3;2112.7;2095.3
4/8/2015;2093.3;2097.7;2102.5;2088.6
3/8/2015;2098;2104.5;2105.7;2087.3
31/7/2015;2103.8;2111.6;2114.2;2102.1
30/7/2015;2108.6;2106.8;2110.5;2095
29/7/2015;2108.6;2094.7;2110.6;2094.1
28/7/2015;2093.2;2070.8;2095.6;2069.1
27/7/2015;2067.6;2078.2;2078.2;2063.5
24/7/2015;2079.7;2102.2;2106;2077.1
23/7/2015;2102.2;2114.2;2116.9;2098.6
22/7/2015;2114.2;2118.2;2118.5;2110
21/7/2015;2119.2;2127.6;2128.5;2115.4
20/7/2015;2128.3;2126.8;2132.8;2123.7
17/7/2015;2126.6;2126.8;2128.9;2119.9
16/7/2015;2124.3;2110.6;2124.4;2110.6
15/7/2015;2107.4;2109;2114.1;2102.5
14/7/2015;2108.9;2099.7;2112;2098.2
13/7/2015;2099.6;2080;2100.7;2080
10/7/2015;2076.6;2052.7;2081.3;2052.7
9/7/2015;2051.3;2049.7;2074.3;2049.7
8/7/2015;2046.7;2077.7;2077.7;2044.7
7/7/2015;2081.3;2069.5;2083.7;2044
6/7/2015;2068.8;2073.9;2078.6;2058.4
2/7/2015;2076.8;2078;2085.1;2071
1/7/2015;2077.4;2067;2082.8;2067
30/6/2015;2063.1;2061.2;2074.3;2056.3
29/6/2015;2057.6;2098.6;2098.6;2056.6
26/6/2015;2101.5;2102.6;2108.9;2095.4
25/6/2015;2102.3;2110;2116;2101.8
24/6/2015;2108.6;2123.7;2125.1;2108.6
23/6/2015;2124.2;2123.2;2128;2119.9
22/6/2015;2122.8;2112.5;2129.9;2112.5
19/6/2015;2110;2121.1;2121.6;2109.4
18/6/2015;2121.2;2101.6;2126.7;2101.6
17/6/2015;2100.4;2097.4;2106.8;2088.9
16/6/2015;2096.3;2084.3;2097.4;2082.1
15/6/2015;2084.4;2091.3;2091.3;2072.5
12/6/2015;2094.1;2107.4;2107.4;2091.3
11/6/2015;2108.9;2106.2;2115;2106.2
10/6/2015;2105.2;2081.1;2108.5;2081.1
9/6/2015;2080.2;2079.1;2085.6;2072.1
8/6/2015;2079.3;2092.3;2093;2079.1
5/6/2015;2092.8;2095.1;2101;2085.7
4/6/2015;2095.8;2112.3;2112.9;2093.2
3/6/2015;2114.1;2110.6;2121.9;2109.6
2/6/2015;2109.6;2110.4;2117.6;2099.1
1/6/2015;2111.7;2108.6;2119.2;2102.5
29/5/2015;2107.4;2120.7;2120.7;2104.9
28/5/2015;2120.8;2122.3;2122.3;2112.9
27/5/2015;2123.5;2105.1;2126.2;2105.1
26/5/2015;2104.2;2125.3;2125.3;2099.2
22/5/2015;2126.1;2130.4;2132.2;2126.1
21/5/2015;2130.8;2125.6;2134.3;2122.9
20/5/2015;2125.8;2127.8;2134.7;2122.6
19/5/2015;2127.8;2129.4;2133;2124.5
18/5/2015;2129.2;2121.3;2131.8;2120
15/5/2015;2122.7;2122.1;2123.9;2116.8
14/5/2015;2121.1;2100.4;2121.4;2100.4
13/5/2015;2098.5;2099.6;2110.2;2096
12/5/2015;2099.1;2102.9;2105.1;2085.6
11/5/2015;2105.3;2115.6;2117.7;2104.6
8/5/2015;2116.1;2092.1;2117.7;2092.1
7/5/2015;2088;2080;2092.9;2075
6/5/2015;2080.2;2091.3;2098.4;2067.9
5/5/2015;2089.5;2112.6;2115.2;2088.5
4/5/2015;2114.5;2110.2;2120.9;2110.2
1/5/2015;2108.3;2087.4;2108.4;2087.4
30/4/2015;2085.5;2105.5;2105.5;2077.6
29/4/2015;2106.8;2112.5;2113.7;2097.4
28/4/2015;2114.8;2108.3;2116.1;2094.9
27/4/2015;2108.9;2119.3;2125.9;2107
24/4/2015;2117.7;2112.8;2120.9;2112.8
23/4/2015;2112.9;2107.2;2120.5;2103.2
22/4/2015;2108;2098.3;2110;2091.1
21/4/2015;2097.3;2102.8;2109.6;2094.4
20/4/2015;2100.4;2084.1;2103.9;2084.1
17/4/2015;2081.2;2102.6;2102.6;2072.4
16/4/2015;2105;2106;2111.3;2100
15/4/2015;2106.6;2097.8;2111.9;2097.8
14/4/2015;2095.8;2092.3;2098.6;2083.2
13/4/2015;2092.4;2102;2107.7;2092.3
10/4/2015;2102.1;2091.5;2102.6;2091.5
9/4/2015;2091.2;2081.3;2093.3;2074.3
8/4/2015;2081.9;2076.9;2086.7;2073.3
7/4/2015;2076.3;2080.8;2089.8;2076.1
6/4/2015;2080.6;2064.9;2087;2056.5
2/4/2015;2067;2060;2072.2;2057.3
1/4/2015;2059.7;2067.6;2067.6;2048.4
31/3/2015;2067.9;2084.1;2084.1;2067
30/3/2015;2086.2;2064.1;2089;2064.1
27/3/2015;2061;2055.8;2062.8;2053
26/3/2015;2056.2;2059.9;2067.2;2045.5
25/3/2015;2061.1;2093.1;2097.4;2061.1
24/3/2015;2091.5;2103.9;2107.6;2091.5
23/3/2015;2104.4;2108;2114.9;2104.4
20/3/2015;2108.1;2090.3;2113.9;2090.3
19/3/2015;2089.3;2098.7;2098.7;2085.6
18/3/2015;2099.5;2072.8;2106.8;2061.2
17/3/2015;2074.3;2080.6;2080.6;2065.1
16/3/2015;2081.2;2055.3;2081.4;2055.3
13/3/2015;2053.4;2064.6;2064.6;2041.2
12/3/2015;2065.9;2041.1;2066.4;2041.1
11/3/2015;2040.2;2044.7;2050.1;2039.7
10/3/2015;2044.2;2076.1;2076.1;2044.2
9/3/2015;2079.4;2072.2;2083.5;2072.2
6/3/2015;2071.3;2100.9;2100.9;2067.3
5/3/2015;2101;2098.5;2104.2;2095.2
4/3/2015;2098.5;2107.7;2107.7;2087.6
3/3/2015;2107.8;2115.8;2115.8;2098.3
2/3/2015;2117.4;2105.2;2117.5;2104.5
27/2/2015;2104.5;2110.9;2112.7;2103.8
26/2/2015;2110.7;2113.9;2113.9;2103.8
25/2/2015;2113.9;2115.3;2119.6;2109.9
24/2/2015;2115.5;2109.1;2117.9;2105.9
23/2/2015;2109.7;2109.8;2110.1;2103
20/2/2015;2110.3;2097.7;2110.6;2085.4
19/2/2015;2097.4;2099.2;2102.1;2090.8
18/2/2015;2099.7;2099.2;2100.2;2092.2
17/2/2015;2100.3;2096.5;2101.3;2089.8
13/2/2015;2097;2088.8;2097;2086.7
12/2/2015;2088.5;2070;2088.5;2070
11/2/2015;2068.5;2068.6;2073.5;2058
10/2/2015;2068.6;2049.4;2070.9;2048.6
9/2/2015;2046.7;2053.5;2056.2;2041.9
6/2/2015;2055.5;2062.3;2072.4;2050
5/2/2015;2062.5;2043.5;2063.6;2043.5
4/2/2015;2041.5;2048.9;2054.7;2036.7
3/2/2015;2050;2022.7;2050.3;2022.7
2/2/2015;2020.8;1996.7;2021.7;1980.9
30/1/2015;1995;2019.3;2023.3;1993.4
29/1/2015;2021.2;2002.5;2024.6;1989.2
28/1/2015;2002.2;2032.3;2042.5;2001.5
27/1/2015;2029.5;2047.9;2047.9;2019.9
26/1/2015;2057.1;2050.4;2057.6;2041
23/1/2015;2051.8;2063;2063;2050.5
22/1/2015;2063.2;2034.3;2064.6;2026.4
21/1/2015;2032.1;2020.2;2038.3;2012
20/1/2015;2022.5;2020.8;2028.9;2004.5
16/1/2015;2019.4;1992.2;2020.5;1988.1
15/1/2015;1992.7;2013.8;2021.3;1991.5
14/1/2015;2011.3;2018.4;2018.4;1988.4
13/1/2015;2023;2031.6;2056.9;2008.2
12/1/2015;2028.3;2046.1;2049.3;2022.6
9/1/2015;2044.8;2063.4;2064.4;2038.3
8/1/2015;2062.1;2030.6;2064.1;2030.6
7/1/2015;2025.9;2005.5;2029.6;2005.5
6/1/2015;2002.6;2022.2;2030.2;1992.4
5/1/2015;2020.6;2054.4;2054.4;2017.3
2/1/2015;2058.2;2058.9;2072.4;2046
31/12/2014;2058.9;2082.1;2085.6;2057.9
30/12/2014;2080.3;2088.5;2088.5;2079.5
29/12/2014;2090.6;2087.6;2093.6;2085.8
26/12/2014;2088.8;2084.3;2092.7;2084.3
24/12/2014;2081.9;2083.2;2087.6;2081.9
23/12/2014;2082.2;2081.5;2086.7;2079.8
22/12/2014;2078.5;2069.3;2078.8;2069.3
19/12/2014;2070.7;2061;2077.8;2061
18/12/2014;2061.2;2019;2061.2;2019
17/12/2014;2012.9;1973.8;2016.8;1973.8
16/12/2014;1972.7;1986.7;2016.9;1972.6
15/12/2014;1989.6;2005;2018.7;1982.3
12/12/2014;2002.3;2030.4;2032.2;2002.3
11/12/2014;2035.3;2027.9;2055.5;2027.9
10/12/2014;2026.1;2058.9;2058.9;2024.3
9/12/2014;2059.8;2056.6;2060.6;2034.2
8/12/2014;2060.3;2074.8;2075.8;2054.3
5/12/2014;2075.4;2072.8;2079.5;2070.8
4/12/2014;2071.9;2073.6;2077.3;2062.3
3/12/2014;2074.3;2067.4;2076.3;2066.7
2/12/2014;2066.6;2053.8;2068.8;2053.8
1/12/2014;2053.4;2065.8;2065.8;2049.6
28/11/2014;2067.6;2074.8;2075.8;2065.1
26/11/2014;2072.8;2067.4;2073.3;2066.6
25/11/2014;2067;2070.2;2074.2;2064.8
24/11/2014;2069.4;2065.1;2070.2;2065.1
21/11/2014;2063.5;2057.5;2071.5;2056.8
20/11/2014;2052.8;2045.9;2053.8;2040.5
19/11/2014;2048.7;2051.2;2052.1;2040.4
18/11/2014;2051.8;2041.5;2056.1;2041.5
17/11/2014;2041.3;2038.3;2043.1;2034.5
14/11/2014;2039.8;2039.7;2042.2;2035.2
13/11/2014;2039.3;2039.2;2046.2;2030.4
12/11/2014;2038.2;2037.8;2040.3;2032
11/11/2014;2039.7;2038.2;2041.3;2035.3
10/11/2014;2038.3;2032;2038.7;2030.2
7/11/2014;2031.9;2032.4;2034.3;2025.1
6/11/2014;2031.2;2023.3;2031.6;2015.9
5/11/2014;2023.6;2015.3;2023.8;2014.4
4/11/2014;2012.1;2015.8;2016;2001
3/11/2014;2017.8;2018.2;2024.5;2013.7
31/10/2014;2018;2001.2;2018.2;2001.2
30/10/2014;1994.7;1979.5;1999.4;1974.8
29/10/2014;1982.3;1983.3;1991.4;1969
28/10/2014;1985;1964.1;1985;1964.1
27/10/2014;1961.6;1963;1964.6;1951.4
24/10/2014;1964.6;1951.6;1965.3;1946.3
23/10/2014;1950.8;1931;1962;1931
22/10/2014;1927.1;1941.3;1949.3;1926.8
21/10/2014;1941.3;1909.4;1942.5;1909.4
20/10/2014;1904;1885.6;1905;1882.3
17/10/2014;1886.8;1864.9;1898.2;1864.9
16/10/2014;1862.8;1856;1876;1835
15/10/2014;1862.5;1874.2;1874.2;1820.7
14/10/2014;1877.7;1877.1;1898.7;1871.8
13/10/2014;1874.7;1905.7;1912.1;1874.1
10/10/2014;1906.1;1925.6;1937;1906
9/10/2014;1928.2;1967.7;1967.7;1927.6
8/10/2014;1968.9;1935.5;1970.4;1925.2
7/10/2014;1935.1;1962.4;1962.4;1934.9
6/10/2014;1964.8;1970;1977.8;1958.4
3/10/2014;1967.9;1948.1;1971.2;1948.1
2/10/2014;1946.2;1945.8;1952.3;1926
1/10/2014;1946.2;1971.4;1971.4;1941.7
30/9/2014;1972.3;1978.2;1985.2;1969
29/9/2014;1977.8;1979;1981.3;1964
26/9/2014;1982.8;1966.2;1986.4;1966.2
25/9/2014;1966;1997.3;1997.3;1966
24/9/2014;1998.3;1983.3;1999.8;1978.6
23/9/2014;1982.8;1992.8;1995.4;1982.8
22/9/2014;1994.3;2009.1;2009.1;1991
19/9/2014;2010.4;2012.7;2019.3;2006.6
18/9/2014;2011.4;2003.1;2012.3;2003.1
17/9/2014;2001.6;1999.3;2010.7;1993.3
16/9/2014;1999;1981.9;2002.3;1979.1
15/9/2014;1984.1;1986;1987.2;1978.5
12/9/2014;1985.5;1996.7;1996.7;1980.3
11/9/2014;1997.5;1992.8;1997.7;1985.9
10/9/2014;1995.7;1988.4;1996.7;1983
9/9/2014;1988.4;2000.7;2001;1984.6
8/9/2014;2001.5;2007.2;2007.2;1995.6
5/9/2014;2007.7;1998;2007.7;1990.1
4/9/2014;1997.7;2001.7;2011.2;1992.5
3/9/2014;2000.7;2003.6;2009.3;1998.1
2/9/2014;2002.3;2004.1;2006.1;1994.8
29/8/2014;2003.4;1998.5;2003.4;1994.7
28/8/2014;1996.7;1997.4;1998.5;1990.5
27/8/2014;2000.1;2000.5;2002.1;1996.2
26/8/2014;2000;1998.6;2005;1998.6
25/8/2014;1997.9;1991.7;2002;1991.7
22/8/2014;1988.4;1992.6;1993.5;1984.8
21/8/2014;1992.4;1986.8;1994.8;1986.8
20/8/2014;1986.5;1980.5;1988.6;1977.7
19/8/2014;1981.6;1972.7;1982.6;1972.7
18/8/2014;1971.7;1958.4;1972;1958.4
15/8/2014;1955.1;1958.9;1964;1941.5
14/8/2014;1955.2;1947.4;1955.2;1947.4
13/8/2014;1946.7;1935.6;1948.4;1935.6
12/8/2014;1933.8;1935.7;1939.7;1928.3
11/8/2014;1936.9;1933.4;1944.9;1933.4
8/8/2014;1931.6;1910.3;1932.4;1909
7/8/2014;1909.6;1923;1928.9;1904.8
6/8/2014;1920.2;1917.3;1927.9;1911.5
5/8/2014;1920.2;1936.3;1936.3;1913.8
4/8/2014;1939;1926.6;1942.9;1921.2
1/8/2014;1925.2;1929.8;1937.3;1916.4
31/7/2014;1930.7;1965.1;1965.1;1930.7
30/7/2014;1970.1;1973.2;1978.9;1962.4
29/7/2014;1970;1980;1984.8;1970
28/7/2014;1978.9;1978.2;1981.5;1967.3
25/7/2014;1978.3;1984.6;1984.6;1974.4
24/7/2014;1988;1988.1;1991.4;1985.8
23/7/2014;1987;1985.3;1989.2;1982.4
22/7/2014;1983.5;1975.7;1986.2;1975.7
21/7/2014;1973.6;1976.9;1976.9;1965.8
18/7/2014;1978.2;1961.5;1979.9;1960.8
17/7/2014;1958.1;1979.8;1981.8;1955.6
16/7/2014;1981.6;1976.3;1983.9;1975.7
15/7/2014;1973.3;1977.4;1982.5;1965.3
14/7/2014;1977.1;1969.9;1979.8;1969.9
11/7/2014;1967.6;1965.8;1968.7;1959.6
10/7/2014;1964.7;1966.7;1969.8;1952.9
9/7/2014;1972.8;1965.1;1974.2;1965.1
8/7/2014;1963.7;1976.4;1976.4;1959.5
7/7/2014;1977.7;1984.2;1984.2;1974.9
3/7/2014;1985.4;1975.9;1985.6;1975.9
2/7/2014;1974.6;1973.1;1976.7;1972.6
1/7/2014;1973.3;1962.3;1978.6;1962.3
30/6/2014;1960.2;1960.8;1964.2;1958.2
27/6/2014;1961;1956.6;1961.5;1952.2
26/6/2014;1957.2;1959.9;1959.9;1944.7
25/6/2014;1959.5;1949.3;1960.8;1947.5
24/6/2014;1950;1962;1968.2;1948.3
23/6/2014;1962.6;1962.9;1963.7;1958.9
20/6/2014;1962.9;1960.5;1963.9;1959.2
19/6/2014;1959.5;1957.5;1959.9;1952.3
18/6/2014;1957;1942.7;1957.7;1939.3
17/6/2014;1942;1937.2;1943.7;1933.5
16/6/2014;1937.8;1934.8;1941.2;1930.9
13/6/2014;1936.2;1930.8;1937.3;1927.7
12/6/2014;1930.1;1943.3;1943.3;1925.8
11/6/2014;1943.9;1949.4;1949.4;1940.1
10/6/2014;1950.8;1950.3;1950.9;1944.6
9/6/2014;1951.3;1949;1955.5;1947.2
6/6/2014;1949.4;1942.4;1949.4;1942.4
5/6/2014;1940.5;1928.5;1941.7;1922.9
4/6/2014;1927.9;1923.1;1928.6;1918.6
3/6/2014;1924.2;1923.1;1925.1;1918.8
2/6/2014;1925;1923.9;1925.9;1916
30/5/2014;1923.6;1920.3;1924;1916.6
29/5/2014;1920;1910.6;1920;1909.8
28/5/2014;1909.8;1911.8;1914.5;1907.3
27/5/2014;1911.9;1902;1912.3;1902
23/5/2014;1900.5;1893.3;1901.3;1893.3
22/5/2014;1892.5;1888.2;1896.3;1885.4
21/5/2014;1888;1873.3;1888.8;1873.3
20/5/2014;1872.8;1884.9;1884.9;1868.1
19/5/2014;1885.1;1876.7;1886;1872.4
16/5/2014;1877.9;1871.2;1878.3;1864.8
15/5/2014;1870.8;1888.2;1888.2;1862.4
14/5/2014;1888.5;1897.1;1897.1;1885.8
13/5/2014;1897.5;1896.8;1902.2;1896.1
12/5/2014;1896.7;1880;1897.1;1880
9/5/2014;1878.5;1875.3;1878.6;1867
8/5/2014;1875.6;1877.4;1889.1;1870
7/5/2014;1878.2;1868.5;1878.8;1859.8
6/5/2014;1867.7;1883.7;1883.7;1867.7
5/5/2014;1884.7;1879.5;1885.5;1866.8
2/5/2014;1881.1;1885.3;1891.3;1878.5
1/5/2014;1883.7;1884.4;1888.6;1878
30/4/2014;1884;1877.1;1885.2;1872.7
29/4/2014;1878.3;1870.8;1880.6;1870.8
28/4/2014;1869.4;1865;1877;1850.6
25/4/2014;1863.4;1877.7;1877.7;1859.7
24/4/2014;1878.6;1882;1884.1;1870.2
23/4/2014;1875.4;1879.3;1879.8;1873.9
22/4/2014;1879.5;1872.6;1884.9;1872.6
21/4/2014;1871.9;1865.8;1871.9;1863.2
17/4/2014;1864.8;1861.7;1869.6;1856.7
16/4/2014;1862.3;1846;1862.3;1846
15/4/2014;1843;1831.5;1844;1816.3
14/4/2014;1830.6;1818.2;1834.2;1815.8
11/4/2014;1815.7;1830.7;1835.1;1814.4
10/4/2014;1833.1;1872.3;1872.5;1830.9
9/4/2014;1872.2;1852.6;1872.4;1852.4
8/4/2014;1852;1845.5;1855;1837.5
7/4/2014;1845;1863.9;1864;1841.5
4/4/2014;1865.1;1890.2;1897.3;1863.3
3/4/2014;1888.8;1891.4;1893.8;1882.7
2/4/2014;1890.9;1886.6;1893.2;1883.8
1/4/2014;1885.5;1874;1885.8;1874
31/3/2014;1872.3;1859.2;1875.2;1859.2
28/3/2014;1857.6;1850.1;1866.6;1850.1
27/3/2014;1849;1852.1;1855.5;1842.1
26/3/2014;1852.6;1867.1;1875.9;1852.6
25/3/2014;1865.6;1859.5;1871.9;1856
24/3/2014;1857.4;1867.7;1873.3;1849.7
21/3/2014;1866.5;1874.5;1884;1863.5
20/3/2014;1872;1860.1;1873.5;1854.6
19/3/2014;1860.8;1872.2;1874.1;1850.3
18/3/2014;1872.2;1858.9;1873.8;1858.9
17/3/2014;1858.8;1842.8;1862.3;1842.8
14/3/2014;1841.1;1845.1;1852.4;1839.6
13/3/2014;1846.3;1869.1;1874.4;1841.9
12/3/2014;1868.2;1866.2;1868.4;1854.4
11/3/2014;1867.6;1878.3;1882.3;1863.9
10/3/2014;1877.2;1877.9;1877.9;1867
7/3/2014;1878;1878.5;1883.6;1870.6
6/3/2014;1877;1874.2;1881.9;1874.2
5/3/2014;1873.8;1874;1876.5;1871.1
4/3/2014;1873.9;1849.2;1876.2;1849.2
3/3/2014;1845.7;1857.7;1857.7;1834.4
28/2/2014;1859.5;1855.1;1867.9;1847.7
27/2/2014;1854.3;1844.9;1854.5;1841.1
26/2/2014;1845.2;1845.8;1852.7;1840.7
25/2/2014;1845.1;1847.7;1852.9;1840.2
24/2/2014;1847.6;1836.8;1858.7;1836.8
21/2/2014;1836.2;1841.1;1846.1;1835.6
20/2/2014;1839.8;1829.2;1842.8;1824.6
19/2/2014;1828.8;1838.9;1847.5;1827
18/2/2014;1840.8;1839;1842.9;1835
14/2/2014;1838.6;1828.5;1841.7;1825.6
13/2/2014;1829.8;1814.8;1830.2;1809.2
12/2/2014;1819.3;1820.1;1826.5;1816
11/2/2014;1819.8;1800.5;1823.5;1800.4
10/2/2014;1799.8;1796.2;1799.9;1791.8
7/2/2014;1797;1776;1798;1776
6/2/2014;1773.4;1753;1774.1;1753
5/2/2014;1751.6;1753.4;1755.8;1737.9
4/2/2014;1755.2;1743.8;1758.7;1743.8
3/2/2014;1741.9;1782.7;1784.8;1739.7
31/1/2014;1782.6;1790.9;1793.9;1772.3
30/1/2014;1794.2;1777.2;1798.8;1777.2
29/1/2014;1774.2;1790.2;1790.2;1770.5
28/1/2014;1792.5;1783;1793.9;1779.5
27/1/2014;1781.6;1791;1796;1772.9
24/1/2014;1790.3;1827;1827;1790.3
23/1/2014;1828.5;1842.3;1842.3;1820.1
22/1/2014;1844.9;1844.7;1846.9;1840.9
21/1/2014;1843.8;1841;1849.3;1832.4
17/1/2014;1838.7;1844.2;1846;1835.2
16/1/2014;1845.9;1848;1848;1840.3
15/1/2014;1848.4;1840.5;1850.8;1840.5
14/1/2014;1838.9;1821.4;1839.3;1821.4
13/1/2014;1819.2;1841.3;1843.5;1815.5
10/1/2014;1842.4;1840.1;1843.2;1832.4
9/1/2014;1838.1;1839;1843.2;1830.4
8/1/2014;1837.5;1837.9;1840;1831.4
7/1/2014;1837.9;1828.7;1840.1;1828.7
6/1/2014;1826.8;1832.3;1837.2;1823.7
3/1/2014;1831.4;1833.2;1838.2;1829.1
2/1/2014;1832;1845.9;1845.9;1827.7
31/12/2013;1848.4;1842.6;1849.4;1842.4
30/12/2013;1841.1;1841.5;1842.5;1838.8
27/12/2013;1841.4;1843;1844.9;1839.8
26/12/2013;1842;1835;1842.8;1835
24/12/2013;1833.3;1828;1833.3;1828
23/12/2013;1828;1822.9;1829.8;1822.9
20/12/2013;1818.3;1810.4;1823.8;1810.2
19/12/2013;1809.6;1809;1810.9;1801.3
18/12/2013;1810.7;1781.5;1811.1;1768
17/12/2013;1781;1786.5;1786.8;1777
16/12/2013;1786.5;1777.5;1792.2;1777.5
13/12/2013;1775.3;1778;1780.9;1772.5
12/12/2013;1775.5;1781.7;1783;1772.3
11/12/2013;1782.2;1802.8;1803;1780.1
10/12/2013;1802.6;1807.6;1808.5;1801.8
9/12/2013;1808.4;1806.2;1811.5;1806.2
6/12/2013;1805.1;1788.4;1806;1788.4
5/12/2013;1785;1792.8;1792.8;1783.4
4/12/2013;1792.8;1793.2;1799.8;1779.1
3/12/2013;1795.2;1800.1;1800.1;1787.8
2/12/2013;1800.9;1806.5;1810;1798.6
29/11/2013;1805.8;1808.7;1813.5;1804
27/11/2013;1807.2;1803.5;1808.3;1802.8
26/11/2013;1802.8;1802.9;1808.4;1800.8
25/11/2013;1802.5;1806.3;1808.1;1800.6
22/11/2013;1804.8;1797.2;1804.8;1794.7
21/11/2013;1795.8;1783.5;1797.2;1783.5
20/11/2013;1781.4;1789.6;1795.7;1777.2
19/11/2013;1787.9;1790.8;1795.5;1784.7
18/11/2013;1791.5;1798.8;1802.3;1788
15/11/2013;1798.2;1790.7;1798.2;1790.7
14/11/2013;1790.6;1782.8;1791.5;1780.2
13/11/2013;1782;1764.4;1782;1760.6
12/11/2013;1767.7;1769.5;1771.8;1762.3
11/11/2013;1771.9;1770;1773.4;1767.8
8/11/2013;1770.6;1748.4;1770.8;1747.6
7/11/2013;1747.2;1770.7;1774.5;1746.2
6/11/2013;1770.5;1765;1773.7;1764.4
5/11/2013;1763;1765.7;1767;1755.8
4/11/2013;1767.9;1763.4;1768.8;1761.6
1/11/2013;1761.6;1758.7;1765.7;1752.7
31/10/2013;1756.5;1763.2;1768.5;1755.7
30/10/2013;1763.3;1772.3;1775.2;1757.2
29/10/2013;1772;1762.9;1772.1;1762.9
28/10/2013;1762.1;1759.4;1765;1757.7
25/10/2013;1759.8;1756;1759.8;1752.5
24/10/2013;1752.1;1747.5;1753.9;1745.5
23/10/2013;1746.4;1752.3;1752.3;1740.5
22/10/2013;1754.7;1746.5;1759.3;1746.5
21/10/2013;1744.7;1745.2;1747.8;1740.7
18/10/2013;1744.5;1736.7;1745.3;1735.7
17/10/2013;1733.2;1720.2;1733.5;1714.1
16/10/2013;1721.5;1700.5;1721.8;1700.5
15/10/2013;1698.1;1709.2;1711.6;1695.9
14/10/2013;1710.1;1699.9;1711;1692.1
11/10/2013;1703.2;1691.1;1703.4;1688.5
10/10/2013;1692.6;1660.9;1692.6;1660.9
9/10/2013;1656.4;1657;1662.5;1646.5
8/10/2013;1655.5;1676.2;1676.8;1655
7/10/2013;1676.1;1687.2;1687.2;1674.7
4/10/2013;1690.5;1678.8;1691.9;1677.3
3/10/2013;1678.7;1692.3;1692.3;1670.4
2/10/2013;1693.9;1691.9;1693.9;1680.3
1/10/2013;1695;1682.4;1696.5;1682.1
30/9/2013;1681.5;1687.3;1687.3;1675
27/9/2013;1691.8;1695.5;1695.5;1687.1
26/9/2013;1698.7;1694;1703.8;1693.1
25/9/2013;1692.8;1698;1701.7;1691.9
24/9/2013;1697.4;1702.6;1707.6;1694.9
23/9/2013;1701.8;1711.4;1711.4;1697.1
20/9/2013;1709.9;1722.4;1725.2;1708.9
19/9/2013;1722.3;1727.3;1729.9;1720.2
18/9/2013;1725.5;1705.7;1729.4;1700.3
17/9/2013;1704.8;1697.7;1705.5;1697.7
16/9/2013;1697.6;1691.7;1705;1691.7
13/9/2013;1688;1685;1688.7;1682.2
12/9/2013;1683.4;1689.2;1690;1682
11/9/2013;1689.1;1681;1689.1;1678.7
10/9/2013;1684;1674.3;1684.1;1674.3
9/9/2013;1671.7;1656.8;1672.4;1656.8
6/9/2013;1655.2;1657.4;1664.8;1640.6
5/9/2013;1655.1;1653.3;1659.2;1653.1
4/9/2013;1653.1;1640.7;1655.7;1637.4
3/9/2013;1639.8;1636;1651.3;1633.4
30/8/2013;1633;1638.9;1640.1;1628
29/8/2013;1638.2;1633.5;1646.4;1630.9
28/8/2013;1635;1630.2;1641.2;1627.5
27/8/2013;1630.5;1652.5;1652.5;1629
26/8/2013;1656.8;1664.3;1669.5;1656
23/8/2013;1663.5;1659.9;1664.8;1654.8
22/8/2013;1657;1645;1659.5;1645
21/8/2013;1642.8;1650.7;1657;1639.4
20/8/2013;1652.3;1646.8;1658.9;1646.1
19/8/2013;1646.1;1655.2;1659.2;1645.8
16/8/2013;1655.8;1661.2;1663.6;1652.6
15/8/2013;1661.3;1679.6;1679.6;1658.6
14/8/2013;1685.4;1693.9;1695.5;1684.8
13/8/2013;1694.2;1690.7;1696.8;1682.6
12/8/2013;1689.5;1688.4;1691.5;1683.3
9/8/2013;1691.4;1696.1;1699.4;1686
8/8/2013;1697.5;1693.3;1700.2;1688.4
7/8/2013;1690.9;1695.3;1695.3;1684.9
6/8/2013;1697.4;1705.8;1705.8;1693.3
5/8/2013;1707.1;1708;1709.2;1703.5
2/8/2013;1709.7;1706.1;1709.7;1700.7
1/8/2013;1706.9;1689.4;1707.8;1689.4
31/7/2013;1685.7;1687.8;1698.4;1684.9
30/7/2013;1686;1687.9;1693.2;1682.4
29/7/2013;1685.3;1690.3;1690.9;1681.9
26/7/2013;1691.7;1687.3;1691.8;1676
25/7/2013;1690.2;1685.2;1690.9;1680.1
24/7/2013;1685.9;1696.1;1698.4;1682.6
23/7/2013;1692.4;1696.6;1698.8;1691.1
22/7/2013;1695.5;1694.4;1697.6;1690.7
19/7/2013;1692.1;1686.2;1692.1;1684.1
18/7/2013;1689.4;1681;1693.1;1681
17/7/2013;1680.9;1677.9;1684.8;1677.9
16/7/2013;1676.3;1682.7;1683.7;1671.8
15/7/2013;1682.5;1679.6;1684.5;1677.9
12/7/2013;1680.2;1675.3;1680.2;1672.3
11/7/2013;1675;1657.4;1676.6;1657.4
10/7/2013;1652.6;1651.6;1657.9;1647.7
9/7/2013;1652.3;1642.9;1654.2;1642.9
8/7/2013;1640.5;1634.2;1644.7;1634.2
5/7/2013;1631.9;1618.7;1632.1;1614.7
3/7/2013;1615.4;1611.5;1619;1604.6
2/7/2013;1614.1;1614.3;1624.3;1606.8
1/7/2013;1615;1609.8;1626.6;1609.8
28/6/2013;1606.3;1611.1;1615.9;1601.1
27/6/2013;1613.2;1606.4;1620.1;1606.4
26/6/2013;1603.3;1592.3;1606.8;1592.3
25/6/2013;1588;1577.5;1593.8;1577.1
24/6/2013;1573.1;1588.8;1588.8;1560.3
21/6/2013;1592.4;1588.6;1599.2;1577.7
20/6/2013;1588.2;1624.6;1624.6;1584.3
19/6/2013;1628.9;1651.8;1652.5;1628.9
18/6/2013;1651.8;1639.8;1654.2;1639.8
17/6/2013;1639;1630.6;1646.5;1630.3
14/6/2013;1626.7;1635.5;1640.8;1624
13/6/2013;1636.4;1612.2;1639.2;1608.1
12/6/2013;1612.5;1629.9;1637.7;1610.9
11/6/2013;1626.1;1638.6;1640.1;1622.9
10/6/2013;1642.8;1644.7;1648.7;1639.3
7/6/2013;1643.4;1625.3;1644.4;1625.3
6/6/2013;1622.6;1609.3;1622.6;1598.2
5/6/2013;1608.9;1629;1629.3;1607.1
4/6/2013;1631.4;1640.7;1646.5;1623.6
3/6/2013;1640.4;1631.7;1640.4;1622.7
31/5/2013;1630.7;1652.1;1659;1630.7
30/5/2013;1654.4;1649.1;1661.9;1648.6
29/5/2013;1648.4;1656.6;1656.6;1640
28/5/2013;1660.1;1652.6;1674.2;1652.6
24/5/2013;1649.6;1646.7;1649.8;1636.9
23/5/2013;1650.5;1651.6;1655.5;1635.5
22/5/2013;1655.3;1669.4;1687.2;1648.9
21/5/2013;1669.2;1666.2;1674.9;1662.7
20/5/2013;1666.3;1665.7;1672.8;1663.5
17/5/2013;1667.5;1652.5;1667.5;1652.5
16/5/2013;1650.5;1658.1;1660.5;1648.6
15/5/2013;1658.8;1649.1;1661.5;1646.7
14/5/2013;1650.3;1633.8;1651.1;1633.8
13/5/2013;1633.8;1632.1;1636;1626.7
10/5/2013;1633.7;1626.7;1633.7;1623.7
9/5/2013;1626.7;1632.7;1635;1623.1
8/5/2013;1632.7;1626;1632.8;1622.7
7/5/2013;1626;1617.5;1626;1616.6
6/5/2013;1617.5;1614.4;1619.8;1614.2
3/5/2013;1614.4;1597.6;1618.5;1597.6
2/5/2013;1597.6;1582.8;1598.6;1582.8
1/5/2013;1582.7;1597.5;1597.5;1581.3
30/4/2013;1597.6;1593.6;1597.6;1586.5
29/4/2013;1593.6;1582.3;1596.7;1582.3
26/4/2013;1582.2;1585.2;1585.8;1577.6
25/4/2013;1585.2;1578.9;1592.6;1578.9
24/4/2013;1578.8;1578.8;1583;1575.8
23/4/2013;1578.8;1562.5;1579.6;1562.5
22/4/2013;1562.5;1555.2;1565.5;1548.2
19/4/2013;1555.2;1541.6;1555.9;1539.4
18/4/2013;1541.6;1552;1554.4;1536
17/4/2013;1552;1574.6;1574.6;1543.7
16/4/2013;1574.6;1552.4;1575.3;1552.4
15/4/2013;1552.4;1588.8;1588.8;1552.3
12/4/2013;1588.8;1593.3;1593.3;1580
11/4/2013;1593.4;1587.7;1597.3;1586.2
10/4/2013;1587.7;1568.6;1589.1;1568.6
9/4/2013;1568.6;1563.1;1573.9;1560.9
8/4/2013;1563.1;1553.3;1563.1;1548.6
5/4/2013;1553.3;1560;1560;1539.5
4/4/2013;1560;1553.7;1562.6;1552.5
3/4/2013;1553.7;1570.2;1571.5;1549.8
2/4/2013;1570.2;1562.2;1573.7;1562.2
1/4/2013;1562.2;1569.2;1570.6;1558.5
28/3/2013;1569.2;1562.9;1570.3;1561.1
27/3/2013;1562.8;1563.8;1564.1;1551.9
26/3/2013;1563.8;1551.7;1564;1551.7
25/3/2013;1551.7;1556.9;1564.9;1546.2
22/3/2013;1556.9;1545.9;1557.7;1545.9
21/3/2013;1545.8;1558.7;1558.7;1543.5
20/3/2013;1558.7;1548.3;1561.6;1548.3
19/3/2013;1548.3;1552.1;1557.2;1538.6
18/3/2013;1552.1;1560.7;1560.7;1545.1
15/3/2013;1560.7;1563.2;1563.6;1555.7
14/3/2013;1563.2;1554.5;1563.3;1554.5
13/3/2013;1554.5;1552.5;1556.4;1548.2
12/3/2013;1552.5;1556.2;1556.8;1548.2
11/3/2013;1556.2;1551.2;1556.3;1547.4
8/3/2013;1551.2;1544.3;1552.5;1542.9
7/3/2013;1544.3;1541.5;1545.8;1541.5
6/3/2013;1541.5;1539.8;1545.2;1538.1
5/3/2013;1539.8;1525.2;1543.5;1525.2
4/3/2013;1525.2;1518.2;1525.3;1512.3
1/3/2013;1518.2;1514.7;1520;1501.5
28/2/2013;1514.7;1516;1525.3;1514.5
27/2/2013;1516;1496.9;1520.1;1494.9
26/2/2013;1496.9;1487.8;1499;1485
25/2/2013;1487.8;1515.6;1525.8;1487.8
22/2/2013;1515.6;1502.4;1515.6;1502.4
21/2/2013;1502.4;1512;1512;1497.3
20/2/2013;1512;1530.9;1530.9;1511.4
19/2/2013;1530.9;1519.8;1530.9;1519.8
15/2/2013;1519.8;1521.4;1524.2;1514.1
14/2/2013;1521.4;1520.3;1523.1;1514
13/2/2013;1520.3;1519.4;1524.7;1515.9
12/2/2013;1519.4;1517;1522.3;1515.6
11/2/2013;1517;1517.9;1518.3;1513.6
8/2/2013;1517.9;1509.4;1518.3;1509.4
7/2/2013;1509.4;1512.1;1512.9;1498.5
6/2/2013;1512.1;1511.3;1512.5;1504.7
5/2/2013;1511.3;1495.7;1515;1495.7
4/2/2013;1495.7;1513.2;1513.2;1495
1/2/2013;1513.2;1498.1;1514.4;1498.1
31/1/2013;1498.1;1502;1504.2;1496.8
30/1/2013;1502;1507.8;1509.9;1500.1
29/1/2013;1507.8;1500.2;1509.3;1498.1
28/1/2013;1500.2;1503;1503.2;1496.3
25/1/2013;1503;1494.8;1503.3;1494.8
24/1/2013;1494.8;1494.8;1502.3;1489.5
23/1/2013;1494.8;1492.6;1496.1;1489.9
22/1/2013;1492.6;1486;1492.6;1481.2
18/1/2013;1486;1481;1486;1475.8
17/1/2013;1480.9;1472.6;1485.2;1472.6
16/1/2013;1472.6;1472.3;1474;1467.6
15/1/2013;1472.3;1470.7;1473.3;1463.8
14/1/2013;1470.7;1472;1472;1465.7
11/1/2013;1472;1472.1;1472.8;1467.6
10/1/2013;1472.1;1464.6;1472.3;1461
9/1/2013;1461;1457.2;1464.7;1457.2
8/1/2013;1457.2;1461.9;1461.9;1451.6
7/1/2013;1461.9;1466.5;1466.5;1456.6
4/1/2013;1466.5;1459.4;1467.9;1459
3/1/2013;1459.4;1462.4;1465.5;1455.5
2/1/2013;1462.4;1426.2;1462.4;1426.2
31/12/2012;1426.2;1402.4;1426.7;1398.1
28/12/2012;1402.4;1418.1;1418.1;1401.6
27/12/2012;1418.1;1419.8;1422.8;1401.8
26/12/2012;1419.8;1426.7;1429.4;1416.4
24/12/2012;1426.7;1430.2;1430.2;1424.7
21/12/2012;1430.2;1443.7;1443.7;1422.6
20/12/2012;1443.7;1435.8;1443.7;1432.8
19/12/2012;1435.8;1446.8;1447.8;1435.8
18/12/2012;1446.8;1430.5;1448;1430.5
17/12/2012;1430.4;1413.5;1430.7;1413.5
14/12/2012;1413.6;1419.5;1419.5;1411.9
13/12/2012;1419.5;1428.5;1431.4;1416
12/12/2012;1428.5;1427.8;1438.6;1426.8
11/12/2012;1427.8;1418.5;1434.3;1418.5
10/12/2012;1418.5;1418.1;1421.6;1415.6
7/12/2012;1418.1;1414;1420.3;1410.9
6/12/2012;1413.9;1409.4;1414;1405.9
5/12/2012;1409.3;1407;1415.6;1398.2
4/12/2012;1407;1409.5;1413.1;1403.7
3/12/2012;1409.5;1416.3;1423.7;1408.5
30/11/2012;1416.2;1416;1418.9;1411.6
29/11/2012;1416;1410;1419.7;1409
28/11/2012;1409.9;1398.8;1410.3;1385.4
27/11/2012;1398.9;1406.3;1409;1398
26/11/2012;1406.3;1409.2;1409.2;1397.7
23/11/2012;1409.2;1391;1409.2;1391
21/11/2012;1391;1387.8;1391.2;1386.4
20/11/2012;1387.8;1386.8;1389.8;1377
19/11/2012;1386.9;1359.9;1386.9;1359.9
16/11/2012;1359.9;1353.4;1362;1343.3
15/11/2012;1353.3;1355.4;1360.6;1348
14/11/2012;1355.5;1374.6;1380.1;1352.5
13/11/2012;1374.5;1380;1388.8;1371.4
12/11/2012;1380;1379.9;1384.9;1377.2
9/11/2012;1379.8;1377.5;1391.4;1373
8/11/2012;1377.5;1394.5;1401.2;1377.5
7/11/2012;1394.5;1428.3;1428.3;1388.1
6/11/2012;1428.4;1417.3;1433.4;1417.3
5/11/2012;1417.3;1414;1419.9;1408.1
2/11/2012;1414.2;1427.6;1434.3;1412.9
1/11/2012;1427.6;1412.2;1428.3;1412.2
31/10/2012;1412.2;1411;1418.8;1406
26/10/2012;1411.9;1413;1417.1;1403.3
25/10/2012;1413;1409.7;1421.1;1405.1
24/10/2012;1408.8;1413.2;1420;1407.1
23/10/2012;1413.1;1433.7;1433.7;1407.6
22/10/2012;1433.8;1433.2;1435.5;1422.1
19/10/2012;1433.2;1457.3;1457.3;1429.8
18/10/2012;1457.3;1460.9;1464;1452.6
17/10/2012;1460.9;1454.2;1462.2;1453.3
16/10/2012;1454.9;1440.3;1455.5;1440.3
15/10/2012;1440.1;1428.8;1441.3;1427.2
12/10/2012;1428.6;1432.8;1438.4;1425.5
11/10/2012;1432.8;1432.8;1443.9;1432.8
10/10/2012;1432.6;1441.5;1442.5;1430.6
9/10/2012;1441.5;1455.9;1455.9;1441.2
8/10/2012;1455.9;1460.9;1460.9;1453.1
5/10/2012;1460.9;1461.4;1471;1456.9
4/10/2012;1461.4;1451.1;1463.1;1451.1
3/10/2012;1451;1446;1454.3;1442
2/10/2012;1445.8;1445;1451.5;1439
1/10/2012;1444.5;1440.9;1457.1;1440.9
28/9/2012;1440.7;1447.1;1447.1;1435.6
27/9/2012;1447.2;1433.4;1450.2;1433.4
26/9/2012;1433.3;1441.6;1441.6;1430.5
25/9/2012;1441.6;1456.9;1463.2;1441.6
24/9/2012;1456.9;1459.8;1460.7;1452.1
21/9/2012;1460.2;1460.3;1467.1;1459.5
20/9/2012;1460.3;1461;1461.2;1450
19/9/2012;1461;1459.5;1465.2;1457.9
18/9/2012;1459.3;1461.2;1461.5;1456.1
17/9/2012;1461.2;1465.4;1465.6;1457.5
14/9/2012;1465.8;1460.1;1474.5;1460.1
13/9/2012;1460;1436.6;1463.8;1435.3
12/9/2012;1436.6;1433.6;1439.2;1433
11/9/2012;1433.6;1429.1;1437.8;1429.1
10/9/2012;1429.1;1437.9;1438.7;1429
7/9/2012;1437.9;1432.1;1437.9;1431.5
6/9/2012;1432.1;1403.4;1432.1;1403.4
5/9/2012;1403.4;1404.9;1408.8;1401.2
4/9/2012;1404.9;1406.5;1409.3;1396.6
31/8/2012;1406.6;1400.1;1413.1;1399
30/8/2012;1399.5;1410.1;1410.1;1397
29/8/2012;1410.5;1409.3;1414;1406.6
28/8/2012;1409.3;1410.4;1413.6;1405.6
27/8/2012;1410.4;1411.1;1416.2;1409.1
24/8/2012;1411.1;1402;1413.5;1398
23/8/2012;1402.1;1413.5;1413.5;1400.5
22/8/2012;1413.5;1413.1;1416.1;1406.8
21/8/2012;1413.2;1418.1;1426.7;1410.9
20/8/2012;1418.1;1417.8;1418.1;1412.1
17/8/2012;1418.2;1415.8;1418.7;1414.7
16/8/2012;1415.5;1406.6;1417.4;1404.2
15/8/2012;1405.5;1403.9;1407.7;1401.8
14/8/2012;1403.9;1404.4;1410;1400.6
13/8/2012;1404.1;1405.9;1405.9;1397.3
10/8/2012;1405.9;1402.6;1406;1395.6
9/8/2012;1402.8;1402.3;1406;1398.8
8/8/2012;1402.2;1401.2;1404.1;1396.1
7/8/2012;1401.3;1394.5;1407.1;1394.5
6/8/2012;1394.2;1391;1399.6;1391
3/8/2012;1391;1365.5;1394.2;1365.5
2/8/2012;1365;1375.1;1375.1;1354.7
1/8/2012;1375.1;1379.3;1385;1373.3
31/7/2012;1379.3;1385.3;1387.2;1379.2
30/7/2012;1385.3;1385.9;1391.7;1381.4
27/7/2012;1386;1360;1389.2;1360
26/7/2012;1360;1338.2;1363.1;1338.2
25/7/2012;1337.9;1338.3;1344;1331.5
24/7/2012;1338.3;1350.5;1351.5;1329.2
23/7/2012;1350.5;1362.3;1362.3;1337.6
20/7/2012;1362.7;1376.5;1376.5;1362.2
19/7/2012;1376.5;1373;1380.4;1371.2
18/7/2012;1372.8;1363.6;1375.3;1359
17/7/2012;1363.7;1353.7;1365.4;1345.1
16/7/2012;1353.6;1356.5;1357.3;1348.5
13/7/2012;1356.8;1334.8;1357.7;1334.8
12/7/2012;1334.8;1341.3;1341.3;1325.4
11/7/2012;1341.5;1341.4;1345;1333.2
10/7/2012;1341.5;1353;1361.5;1336.3
9/7/2012;1352.5;1354.7;1354.9;1346.7
6/7/2012;1354.7;1367.1;1367.1;1348
5/7/2012;1367.6;1373.7;1373.8;1363
3/7/2012;1374;1365.8;1374.8;1363.5
2/7/2012;1365.5;1362.3;1366.3;1355.7
29/6/2012;1362.2;1330.1;1362.2;1330.1
28/6/2012;1329;1331.5;1331.5;1313.3
27/6/2012;1331.8;1320.7;1334.4;1320.7
26/6/2012;1320;1314.1;1324.2;1310.3
25/6/2012;1313.7;1334.9;1334.9;1309.3
22/6/2012;1335;1325.9;1337.8;1325.9
21/6/2012;1325.5;1355.4;1358.3;1324.4
20/6/2012;1355.7;1358;1361.6;1346.5
19/6/2012;1358;1344.8;1363.5;1344.8
18/6/2012;1344.8;1342.4;1348.2;1334.5
15/6/2012;1342.8;1329.2;1343.3;1329.2
14/6/2012;1329.1;1314.9;1333.7;1314.1
13/6/2012;1314.9;1324;1327.3;1310.5
12/6/2012;1324.2;1309.4;1324.3;1306.6
11/6/2012;1308.9;1325.7;1335.5;1307.7
8/6/2012;1325.7;1315;1325.8;1307.8
7/6/2012;1315;1316.2;1329;1312.7
6/6/2012;1315.1;1285.6;1315.1;1285.6
5/6/2012;1285.5;1277.8;1287.6;1274.2
4/6/2012;1278.2;1278.3;1282.5;1266.7
1/6/2012;1278;1309.9;1309.9;1277.2
31/5/2012;1310.3;1313.1;1319.7;1298.9
30/5/2012;1313.3;1331.2;1331.2;1310.8
29/5/2012;1332.4;1318.9;1334.9;1318.9
25/5/2012;1317.8;1320.8;1324.2;1314.2
24/5/2012;1320.7;1318.7;1324.1;1310.5
23/5/2012;1318.9;1316;1320.7;1296.5
22/5/2012;1316.6;1316.1;1328.5;1310
21/5/2012;1316;1295.7;1316.4;1295.7
18/5/2012;1295.2;1305;1312.2;1292
17/5/2012;1304.9;1324.8;1326.4;1304.9
16/5/2012;1324.8;1330.8;1341.8;1324.8
15/5/2012;1330.7;1338.4;1344.9;1328.4
14/5/2012;1338.3;1351.9;1351.9;1336.6
11/5/2012;1353.4;1358.1;1365.7;1348.9
10/5/2012;1358;1354.6;1365.9;1354.6
9/5/2012;1354.6;1363.2;1363.7;1343.1
8/5/2012;1363.7;1369.2;1369.2;1347.8
7/5/2012;1369.6;1368.8;1373.9;1363.9
4/5/2012;1369.1;1391.5;1391.5;1368
3/5/2012;1391.6;1402.3;1403.1;1388.7
2/5/2012;1402.3;1405.5;1405.5;1393.9
1/5/2012;1405.8;1397.9;1415.3;1395.7
30/4/2012;1397.9;1403.3;1403.3;1394
27/4/2012;1403.4;1400.2;1406.6;1397.3
26/4/2012;1400;1390.6;1402.1;1387.3
25/4/2012;1390.7;1372.1;1391.4;1372.1
24/4/2012;1372;1367;1375.6;1366.8
23/4/2012;1366.9;1378.5;1378.5;1358.8
20/4/2012;1378.5;1377;1387.4;1377
19/4/2012;1376.9;1385.1;1390.5;1370.3
18/4/2012;1385.1;1390.8;1390.8;1383.3
17/4/2012;1390.8;1369.6;1392.8;1369.6
16/4/2012;1369.6;1370.3;1379.7;1365.4
13/4/2012;1370.3;1387.6;1387.6;1369.8
12/4/2012;1387.6;1368.8;1388.1;1368.8
11/4/2012;1368.7;1359;1374.7;1359
10/4/2012;1358.6;1382.2;1383;1357.4
9/4/2012;1382.2;1397.5;1397.5;1378.2
5/4/2012;1398.1;1398.8;1401.6;1392.9
4/4/2012;1399;1413.1;1413.1;1394.1
3/4/2012;1413.4;1419;1419;1404.6
2/4/2012;1419;1408.5;1422.4;1404.5
30/3/2012;1408.5;1403.3;1410.9;1401.4
29/3/2012;1403.3;1405.4;1405.4;1391.6
28/3/2012;1405.5;1412.5;1413.7;1397.2
27/3/2012;1412.5;1416.5;1419.2;1412
26/3/2012;1416.5;1397.1;1416.6;1397.1
23/3/2012;1397.1;1392.8;1399.2;1386.9
22/3/2012;1392.8;1402.9;1402.9;1388.7
21/3/2012;1402.9;1405.5;1407.8;1400.6
20/3/2012;1405.5;1409.6;1409.6;1397.7
19/3/2012;1409.8;1404.2;1414;1402.4
16/3/2012;1404.2;1402.5;1405.9;1401.5
15/3/2012;1402.6;1394.2;1402.6;1392.8
14/3/2012;1394.3;1396;1399.4;1390
13/3/2012;1396;1371.9;1396.1;1371.9
12/3/2012;1371.1;1370.8;1373;1366.7
9/3/2012;1370.9;1366;1374.8;1366
8/3/2012;1365.9;1352.7;1368.7;1352.7
7/3/2012;1352.6;1343.4;1354.8;1343.4
6/3/2012;1343.4;1363.6;1363.6;1340
5/3/2012;1364.3;1369.6;1369.6;1359.1
2/3/2012;1369.6;1374.1;1374.5;1366.4
1/3/2012;1374.1;1365.9;1376.2;1365.9
29/2/2012;1365.7;1372.2;1378;1363.8
28/2/2012;1372.2;1367.6;1373.1;1366
27/2/2012;1367.6;1365.2;1371.9;1354.9
24/2/2012;1365.7;1363.5;1368.9;1363.5
23/2/2012;1363.5;1357.5;1364.2;1352.3
22/2/2012;1357.7;1362.1;1362.7;1355.5
21/2/2012;1362.2;1361.2;1367.8;1358.1
17/2/2012;1361.2;1358.1;1363.4;1357.2
16/2/2012;1358;1342.6;1359;1341.2
15/2/2012;1343.2;1350.5;1355.9;1340.8
14/2/2012;1350.5;1351.3;1351.3;1340.8
13/2/2012;1351.8;1343.1;1353.3;1343.1
10/2/2012;1342.6;1351.2;1351.2;1337.3
9/2/2012;1352;1350;1354.3;1344.6
8/2/2012;1350;1347;1351;1342
7/2/2012;1347;1344.3;1349.2;1335.9
6/2/2012;1344.3;1344.3;1344.4;1337.5
3/2/2012;1344.9;1326.2;1345.3;1326.2
2/2/2012;1325.5;1324.2;1329.2;1321.6
1/2/2012;1324.1;1312.5;1330.5;1312.5
31/1/2012;1312.4;1313.5;1321.4;1306.7
30/1/2012;1313;1316.2;1316.2;1300.5
27/1/2012;1316.3;1318.2;1320.1;1311.7
26/1/2012;1318.4;1326.3;1333.5;1313.6
25/1/2012;1326;1314.4;1328.3;1307.7
24/1/2012;1314.7;1316;1316;1306.1
23/1/2012;1316;1315.3;1322.3;1309.9
20/1/2012;1315.4;1314.5;1315.4;1309.2
19/1/2012;1314.5;1308.1;1315.5;1308.1
18/1/2012;1308;1293.7;1308.1;1291
17/1/2012;1293.7;1290.2;1303;1290.2
13/1/2012;1289.1;1294.8;1294.8;1277.6
12/1/2012;1295.5;1292.5;1296.8;1285.8
11/1/2012;1292.5;1292;1293.8;1285.4
10/1/2012;1292.1;1280.8;1296.5;1280.8
9/1/2012;1280.7;1277.8;1282;1274.5
6/1/2012;1277.8;1280.9;1281.8;1273.3
5/1/2012;1281.1;1277.3;1283;1265.3
4/1/2012;1277.3;1277;1278.7;1268.1
3/1/2012;1277.1;1258.9;1284.6;1258.9
30/12/2011;1257.6;1262.8;1264.1;1257.5
29/12/2011;1263;1249.8;1263.5;1249.8
28/12/2011;1249.6;1265.4;1265.8;1248.6
27/12/2011;1265.4;1265;1269.4;1262.3
23/12/2011;1265.3;1254;1265.4;1254
22/12/2011;1254;1243.7;1255.2;1243.7
21/12/2011;1243.7;1241.2;1245.1;1229.5
20/12/2011;1241.3;1205.7;1242.8;1205.7
19/12/2011;1205.3;1219.7;1224.6;1202.4
16/12/2011;1219.7;1216.1;1231;1215.2
15/12/2011;1215.8;1212.1;1225.6;1212.1
14/12/2011;1211.8;1225.7;1225.7;1209.5
13/12/2011;1225.7;1236.8;1249.9;1219.4
12/12/2011;1236.5;1255;1255;1227.2
9/12/2011;1255.2;1234.5;1258.2;1234.5
8/12/2011;1234.3;1260.9;1260.9;1231.5
7/12/2011;1261;1258.1;1267.1;1244.8
6/12/2011;1258.5;1257.2;1266;1253
5/12/2011;1257.1;1244.3;1266.7;1244.3
2/12/2011;1244.3;1246;1260.1;1243.3
1/12/2011;1244.6;1246.9;1251.1;1239.7
30/11/2011;1247;1196.7;1247.1;1196.7
29/11/2011;1195.2;1192.6;1203.7;1191.8
28/11/2011;1192.5;1158.7;1197.3;1158.7
25/11/2011;1158.7;1161.4;1172.7;1158.7
23/11/2011;1161.8;1187.5;1187.5;1161.8
22/11/2011;1188;1193;1196.8;1181.7
21/11/2011;1193;1215.6;1215.6;1183.2
18/11/2011;1215.7;1216.2;1223.5;1211.4
17/11/2011;1216.1;1236.6;1237.7;1209.4
16/11/2011;1236.9;1257.8;1259.6;1235.7
15/11/2011;1257.8;1251.7;1264.2;1244.3
14/11/2011;1251.8;1263.8;1263.8;1246.7
11/11/2011;1263.8;1240.1;1267;1240.1
10/11/2011;1239.7;1229.6;1246.2;1227.7
9/11/2011;1229.1;1275.2;1275.2;1226.6
8/11/2011;1275.9;1261.1;1277.5;1255
7/11/2011;1261.1;1253.2;1261.7;1240.8
4/11/2011;1253.2;1260.8;1260.8;1238.9
3/11/2011;1261.2;1238.2;1263.2;1234.8
2/11/2011;1237.9;1219.6;1242.5;1219.6
1/11/2011;1218.3;1251;1251;1215.4
31/10/2011;1253.3;1285;1285;1253.2
28/10/2011;1285.1;1284.4;1287.1;1277
27/10/2011;1284.6;1244;1292.7;1244
26/10/2011;1242;1229.2;1246.3;1221.1
25/10/2011;1229;1254.2;1254.2;1226.8
24/10/2011;1254.2;1238.7;1256.5;1238.7
21/10/2011;1238.2;1215.4;1239;1215.4
20/10/2011;1215.4;1211.1;1219.5;1197.3
19/10/2011;1209.9;1223.5;1229.6;1206.3
18/10/2011;1225.4;1200.8;1233.1;1191.5
17/10/2011;1200.9;1224.5;1224.5;1198.5
14/10/2011;1224.6;1205.7;1224.6;1205.7
13/10/2011;1203.7;1207;1207.5;1190.6
12/10/2011;1207.2;1196.2;1220.2;1196.2
11/10/2011;1195.5;1194.6;1199.2;1187.3
10/10/2011;1194.9;1158.2;1194.9;1158.2
7/10/2011;1155.5;1165;1171.4;1150.3
6/10/2011;1165;1144.1;1165.5;1135
5/10/2011;1144;1124;1146.1;1115.7
4/10/2011;1124;1097.4;1125.1;1074.8
3/10/2011;1099.2;1131.2;1139;1098.9
30/9/2011;1131.4;1159.9;1159.9;1131.3
29/9/2011;1160.4;1151.7;1175.9;1139.9
28/9/2011;1151.1;1175.4;1184.7;1150.4
27/9/2011;1175.4;1163.3;1195.9;1163.3
26/9/2011;1163;1136.9;1164.2;1131.1
23/9/2011;1136.4;1128.8;1141.7;1121.4
22/9/2011;1129.6;1164.5;1164.5;1114.2
21/9/2011;1166.8;1203.6;1206.3;1166.2
20/9/2011;1202.1;1204.5;1220.4;1201.3
19/9/2011;1204.1;1215;1215;1188.4
16/9/2011;1216;1209.2;1220.1;1204.5
15/9/2011;1209.1;1189.4;1209.1;1189.4
14/9/2011;1188.7;1173.3;1202.4;1162.7
13/9/2011;1172.9;1162.6;1176.4;1157.4
12/9/2011;1162.3;1153.5;1162.5;1136.1
9/9/2011;1154.2;1185.4;1185.4;1148.4
8/9/2011;1185.9;1198;1204.4;1183.3
7/9/2011;1198.6;1165.8;1198.6;1165.8
6/9/2011;1165.2;1174;1174;1140.1
2/9/2011;1174;1203.9;1203.9;1170.6
1/9/2011;1204.4;1219.1;1229.3;1203.8
31/8/2011;1218.9;1213;1230.7;1209.3
30/8/2011;1212.9;1209.8;1220.1;1195.8
29/8/2011;1210.1;1177.9;1210.3;1177.9
26/8/2011;1176.8;1158.8;1181.2;1135.9
25/8/2011;1159.3;1176.7;1190.7;1155.5
24/8/2011;1177.6;1162.2;1178.6;1156.3
23/8/2011;1162.3;1124.4;1162.3;1122.9
22/8/2011;1123.8;1123.5;1145.5;1121.1
19/8/2011;1123.5;1140.5;1154.5;1122
18/8/2011;1140.7;1189.6;1189.6;1131
17/8/2011;1193.9;1192.9;1208.5;1184.4
16/8/2011;1192.8;1204.2;1204.2;1180.5
15/8/2011;1204.5;1178.9;1204.5;1178.9
12/8/2011;1178.8;1172.9;1189;1170.7
11/8/2011;1172.6;1121.3;1186.3;1121.3
10/8/2011;1120.8;1171.8;1171.8;1118
9/8/2011;1172.5;1120.2;1172.9;1101.5
8/8/2011;1119.5;1198.5;1198.5;1119.3
5/8/2011;1199.4;1200.3;1218.1;1168.1
4/8/2011;1200.1;1260.2;1260.2;1199.5
3/8/2011;1260.3;1254.2;1261.2;1234.6
2/8/2011;1254;1286.6;1286.6;1254
1/8/2011;1286.9;1292.6;1307.4;1274.7
29/7/2011;1292.3;1300.1;1304.2;1282.9
28/7/2011;1300.7;1304.8;1316.3;1299.2
27/7/2011;1304.9;1331.9;1331.9;1303.5
26/7/2011;1331.9;1337.4;1338.5;1329.6
25/7/2011;1337.4;1344.3;1344.3;1331.1
22/7/2011;1345;1343.8;1346.1;1337
21/7/2011;1343.8;1325.7;1347;1325.7
20/7/2011;1325.8;1328.7;1330.4;1323.7
19/7/2011;1326.7;1307.1;1328.1;1307.1
18/7/2011;1305.4;1315.9;1315.9;1295.9
15/7/2011;1316.1;1308.9;1317.7;1307.5
14/7/2011;1308.9;1317.7;1326.9;1306.5
13/7/2011;1317.7;1314.5;1331.5;1314.5
12/7/2011;1313.6;1319.6;1327.2;1313.3
11/7/2011;1319.5;1343.3;1343.3;1316.4
8/7/2011;1343.8;1352.4;1352.4;1333.7
7/7/2011;1353.2;1339.6;1356.5;1339.6
6/7/2011;1339.2;1337.6;1340.9;1330.9
5/7/2011;1337.9;1339.6;1340.9;1334.3
1/7/2011;1339.7;1320.6;1341;1318.2
30/6/2011;1320.6;1307.6;1322;1307.6
29/6/2011;1307.4;1296.8;1309.2;1296.8
28/6/2011;1296.7;1280.2;1296.8;1280.2
27/6/2011;1280.1;1268.4;1284.9;1267.5
24/6/2011;1268.5;1283;1283.9;1267.2
23/6/2011;1283.5;1286.6;1286.6;1262.9
22/6/2011;1287.1;1295.5;1298.6;1286.8
21/6/2011;1295.5;1278.4;1297.6;1278.4
20/6/2011;1278.4;1271.5;1280.4;1267.6
17/6/2011;1271.5;1268.6;1279.8;1267.4
16/6/2011;1267.6;1265.5;1274.1;1258.1
15/6/2011;1265.4;1287.9;1287.9;1261.9
14/6/2011;1287.9;1272.2;1292.5;1272.2
13/6/2011;1271.8;1271.3;1277;1265.6
10/6/2011;1271;1288.6;1288.6;1268.3
9/6/2011;1289;1279.6;1294.5;1279.6
8/6/2011;1279.6;1284.6;1287;1277.4
7/6/2011;1284.9;1286.3;1296.2;1284.7
6/6/2011;1286.2;1300.3;1300.3;1284.7
3/6/2011;1300.2;1312.9;1312.9;1297.9
2/6/2011;1312.9;1314.5;1318;1305.6
1/6/2011;1314.5;1345.2;1345.2;1313.7
31/5/2011;1345.2;1331.1;1345.2;1331.1
27/5/2011;1331.1;1325.7;1334.6;1325.7
26/5/2011;1325.7;1320.6;1328.5;1314.4
25/5/2011;1320.5;1316.4;1325.9;1311.8
24/5/2011;1316.3;1317.7;1323.7;1313.9
23/5/2011;1317.4;1333.1;1333.1;1312.9
20/5/2011;1333.3;1342;1342;1330.7
19/5/2011;1343.6;1342.4;1346.8;1336.4
18/5/2011;1340.7;1328.5;1341.8;1326.6
17/5/2011;1329;1326.1;1330.4;1318.5
16/5/2011;1329.5;1334.8;1343.3;1327.3
13/5/2011;1337.8;1348.7;1350.5;1333.4
12/5/2011;1348.7;1339.4;1351;1332
11/5/2011;1342.1;1354.5;1354.5;1336.4
10/5/2011;1357.2;1348.3;1359.4;1348.3
9/5/2011;1346.3;1340.2;1349.4;1338.6
6/5/2011;1340.2;1340.2;1354.4;1335.6
5/5/2011;1335.1;1344.2;1348;1329.2
4/5/2011;1347.3;1355.9;1355.9;1341.5
3/5/2011;1356.6;1359.8;1360.8;1349.5
2/5/2011;1361.2;1365.2;1370.6;1358.6
29/4/2011;1363.6;1360.1;1364.6;1358.7
28/4/2011;1360.5;1353.9;1361.7;1353.6
27/4/2011;1355.7;1348.4;1357.5;1344.2
26/4/2011;1347.2;1336.8;1349.5;1336.8
25/4/2011;1335.2;1337.1;1337.5;1331.5
21/4/2011;1337.4;1333.2;1337.5;1332.8
20/4/2011;1330.4;1319.1;1332.7;1319.1
19/4/2011;1312.6;1306;1312.7;1304
18/4/2011;1305.1;1313.3;1313.3;1294.7
15/4/2011;1319.7;1314.5;1322.9;1313.7
14/4/2011;1314.5;1311.1;1316.8;1302.4
13/4/2011;1314.4;1314;1321.3;1309.2
12/4/2011;1314.2;1322;1322;1309.5
11/4/2011;1324.5;1329;1333.8;1321.1
8/4/2011;1328.2;1336.2;1339.5;1322.9
7/4/2011;1333.5;1334.8;1338.8;1326.6
6/4/2011;1335.5;1335.9;1339.4;1331.1
5/4/2011;1332.6;1332;1338.2;1330
4/4/2011;1332.9;1333.6;1336.7;1329.1
1/4/2011;1332.4;1329.5;1337.8;1328.9
31/3/2011;1325.8;1327.4;1329.8;1325
30/3/2011;1328.3;1321.9;1331.7;1321.9
29/3/2011;1319.4;1309.4;1319.5;1305.3
28/3/2011;1310.2;1315.5;1319.7;1310.2
25/3/2011;1313.8;1311.8;1319.2;1310.2
24/3/2011;1309.7;1300.6;1311.3;1297.7
23/3/2011;1297.5;1292.2;1300.5;1284
22/3/2011;1293.8;1298.3;1299.3;1292.7
21/3/2011;1298.4;1281.7;1300.6;1281.7
18/3/2011;1279.2;1276.7;1288.9;1276.2
17/3/2011;1273.7;1261.6;1278.9;1261.6
16/3/2011;1256.9;1279.5;1280.9;1249
15/3/2011;1281.9;1288.5;1288.5;1261.1
14/3/2011;1296.4;1301.2;1301.2;1286.4
11/3/2011;1304.3;1293.4;1308.3;1292
10/3/2011;1295.1;1315.7;1315.7;1294.2
9/3/2011;1320;1319.9;1323.2;1312.3
8/3/2011;1321.8;1311;1325.7;1306.9
7/3/2011;1310.1;1322.7;1327.7;1304
4/3/2011;1321.2;1330.7;1331.1;1312.6
3/3/2011;1331;1312.4;1332.3;1312.4
2/3/2011;1308.4;1305.5;1314.2;1302.6
1/3/2011;1306.3;1328.6;1332.1;1306.1
28/2/2011;1327.2;1321.6;1329.4;1320.5
25/2/2011;1319.9;1307.3;1320.6;1307.3
24/2/2011;1306.1;1307.1;1310.9;1294.3
23/2/2011;1307.4;1315.4;1317.9;1299.5
22/2/2011;1315.4;1338.9;1338.9;1312.3
18/2/2011;1343;1340.4;1344.1;1338.1
17/2/2011;1340.4;1334.4;1341.5;1331
16/2/2011;1336.3;1329.5;1337.6;1329.5
15/2/2011;1328;1330.4;1330.4;1324.6
14/2/2011;1332.3;1328.7;1333;1326.9
11/2/2011;1329.2;1318.7;1330.8;1316.1
10/2/2011;1321.9;1318.1;1322.8;1311.7
9/2/2011;1320.9;1322.5;1324.5;1314.9
8/2/2011;1324.6;1318.8;1324.9;1316
7/2/2011;1319;1311.8;1322.8;1311.8
4/2/2011;1310.9;1307;1311;1301.7
3/2/2011;1307.1;1302.8;1308.6;1294.8
2/2/2011;1304;1305.9;1307.6;1302.6
1/2/2011;1307.6;1289.1;1308.9;1289.1
31/1/2011;1286.1;1276.5;1287.2;1276.5
28/1/2011;1276.3;1299.6;1302.7;1275.1
27/1/2011;1299.5;1297.5;1301.3;1294.4
26/1/2011;1296.6;1292;1299.7;1292
25/1/2011;1291.2;1288.2;1291.3;1281.1
24/1/2011;1290.8;1283.3;1291.9;1282.5
21/1/2011;1283.3;1283.6;1291.2;1282.1
20/1/2011;1280.3;1280.8;1283.3;1271.3
19/1/2011;1281.9;1294.5;1294.6;1278.9
18/1/2011;1295;1293.2;1296.1;1290.2
14/1/2011;1293.2;1282.9;1293.2;1281.2
13/1/2011;1283.8;1285.8;1286.7;1280.5
12/1/2011;1286;1275.7;1286.9;1275.7
11/1/2011;1274.5;1272.6;1277.2;1269.6
10/1/2011;1269.8;1270.8;1271.5;1262.2
7/1/2011;1271.5;1274.4;1276.8;1261.7
6/1/2011;1273.8;1276.3;1278.2;1270.4
5/1/2011;1276.6;1268.8;1277.6;1265.4
4/1/2011;1270.2;1273;1274.1;1262.7
3/1/2011;1271.9;1257.6;1276.2;1257.6
31/12/2010;1257.6;1256.8;1259.3;1254.2
30/12/2010;1257.9;1259.4;1261.1;1256.3
29/12/2010;1259.8;1258.8;1262.6;1258.8
28/12/2010;1258.5;1259.1;1259.9;1256.2
27/12/2010;1257.5;1254.7;1258.4;1251.5
23/12/2010;1256.8;1257.5;1258.6;1254
22/12/2010;1258.8;1254.9;1259.4;1254.9
21/12/2010;1254.6;1249.4;1255.8;1249.4
20/12/2010;1247.1;1245.8;1250.2;1241.5
17/12/2010;1243.9;1243.6;1245.8;1239.9
16/12/2010;1242.9;1236.3;1243.8;1232.8
15/12/2010;1235.2;1241.6;1244.2;1234
14/12/2010;1241.6;1241.8;1246.6;1238.2
13/12/2010;1240.5;1242.5;1246.7;1240.3
10/12/2010;1240.4;1233.8;1240.4;1232.6
9/12/2010;1233;1230.1;1234.7;1226.8
8/12/2010;1228.3;1225;1228.9;1219.5
7/12/2010;1223.8;1227.2;1235;1223.2
6/12/2010;1223.1;1223.9;1225.8;1220.7
3/12/2010;1224.7;1219.9;1225.6;1216.8
2/12/2010;1221.5;1206.8;1221.9;1206.8
1/12/2010;1206.1;1186.6;1207.6;1186.6
30/11/2010;1180.5;1183;1187.4;1174.1
29/11/2010;1187.8;1189.1;1190.3;1173.6
26/11/2010;1189.4;1194.2;1194.2;1186.9
24/11/2010;1198.3;1183.7;1198.6;1183.7
23/11/2010;1180.7;1192.5;1192.5;1176.9
22/11/2010;1197.8;1198.1;1198.9;1184.6
19/11/2010;1199.7;1196.1;1200;1189.4
18/11/2010;1196.7;1183.8;1200.3;1183.8
17/11/2010;1178.6;1178.3;1183.6;1175.8
16/11/2010;1178.3;1194.8;1194.8;1173
15/11/2010;1197.8;1200.4;1207.4;1197.2
12/11/2010;1199.2;1209.1;1210.5;1194.1
11/11/2010;1213.5;1213;1215.5;1204.5
10/11/2010;1218.7;1213.1;1218.8;1204.3
9/11/2010;1213.4;1223.6;1226.8;1208.9
8/11/2010;1223.2;1223.2;1224.6;1217.5
5/11/2010;1225.8;1221.2;1227.1;1220.3
4/11/2010;1221.1;1198.3;1221.2;1198.3
3/11/2010;1198;1193.8;1198.3;1183.6
2/11/2010;1193.6;1187.9;1195.9;1187.9
1/11/2010;1184.4;1185.7;1195.8;1177.7
29/10/2010;1183.3;1183.9;1185.5;1179.7
28/10/2010;1183.8;1184.5;1189.5;1177.1
27/10/2010;1182.5;1183.8;1183.8;1171.7
26/10/2010;1185.6;1184.9;1187.1;1177.7
25/10/2010;1185.6;1184.7;1196.1;1184.7
22/10/2010;1183.1;1180.5;1183.9;1179
21/10/2010;1180.3;1179.8;1189.4;1171.2
20/10/2010;1178.2;1166.7;1182.9;1166.7
19/10/2010;1165.9;1178.6;1178.6;1159.7
18/10/2010;1184.7;1176.8;1185.5;1174.5
15/10/2010;1176.2;1177.5;1181.2;1167.1
14/10/2010;1173.8;1177.8;1178.9;1166.7
13/10/2010;1178.1;1171.3;1184.4;1171.3
12/10/2010;1169.8;1164.3;1172.6;1155.7
11/10/2010;1165.3;1165.3;1168.7;1162
8/10/2010;1165.2;1158.4;1167.7;1155.6
7/10/2010;1158.1;1161.6;1163.9;1151.4
6/10/2010;1160;1159.8;1162.3;1154.8
5/10/2010;1160.8;1140.7;1162.8;1140.7
4/10/2010;1137;1145;1148.2;1131.9
1/10/2010;1146.2;1143.5;1150.3;1139.4
30/9/2010;1141.2;1146;1157.2;1136.1
29/9/2010;1144.7;1146.8;1148.6;1140.3
28/9/2010;1147.7;1142.3;1150;1132.1
27/9/2010;1142.2;1148.6;1149.9;1142
24/9/2010;1148.7;1131.7;1148.9;1131.7
23/9/2010;1124.8;1131.1;1136.8;1122.8
22/9/2010;1134.3;1139.5;1144.4;1131.6
21/9/2010;1139.8;1142.8;1148.6;1136.2
20/9/2010;1142.7;1126.6;1144.9;1126.6
17/9/2010;1125.6;1126.4;1131.5;1122.4
16/9/2010;1124.7;1123.9;1125.4;1118.9
15/9/2010;1125.1;1119.4;1126.5;1114.6
14/9/2010;1121.1;1121.2;1127.4;1115.6
13/9/2010;1121.9;1113.4;1123.9;1113.4
10/9/2010;1109.5;1104.6;1110.9;1103.9
9/9/2010;1104.2;1101.2;1110.3;1101.2
8/9/2010;1098.9;1092.4;1103.3;1092.4
7/9/2010;1091.8;1102.6;1102.6;1091.2
3/9/2010;1104.5;1093.6;1105.1;1093.6
2/9/2010;1090.1;1080.7;1090.1;1080.4
1/9/2010;1080.3;1049.7;1081.3;1049.7
31/8/2010;1049.3;1046.9;1055.1;1040.9
30/8/2010;1048.9;1062.9;1064.4;1048.8
27/8/2010;1064.6;1049.3;1065.2;1039.7
26/8/2010;1047.2;1056.3;1061.5;1045.4
25/8/2010;1055.3;1049;1059.4;1039.8
24/8/2010;1051.9;1063.2;1063.2;1046.7
23/8/2010;1067.4;1073.4;1081.6;1067.1
20/8/2010;1071.7;1075.6;1075.6;1063.9
19/8/2010;1075.6;1092.4;1092.4;1070.7
18/8/2010;1094.2;1092.1;1099.8;1085.8
17/8/2010;1092.5;1081.2;1100.1;1081.2
16/8/2010;1079.4;1077.5;1082.6;1069.5
13/8/2010;1079.2;1082.2;1086.2;1079
12/8/2010;1083.6;1081.5;1086.7;1076.7
11/8/2010;1089.5;1116.9;1116.9;1088.5
10/8/2010;1121.1;1122.9;1127.2;1111.6
9/8/2010;1127.8;1122.8;1129.2;1120.9
6/8/2010;1121.6;1122.1;1123.1;1107.2
5/8/2010;1125.8;1125.8;1126.6;1118.8
4/8/2010;1127.2;1121.1;1128.8;1119.5
3/8/2010;1120.5;1125.3;1125.4;1116.8
2/8/2010;1125.9;1107.5;1127.3;1107.5
30/7/2010;1101.6;1098.4;1106.4;1088
29/7/2010;1101.5;1108.1;1115.9;1092.8
28/7/2010;1106.1;1112.8;1114.7;1103.1
27/7/2010;1113.8;1117.4;1121;1109.8
26/7/2010;1115;1102.9;1115;1101.3
23/7/2010;1102.7;1092.2;1103.7;1087.9
22/7/2010;1093.7;1072.1;1097.5;1072.1
21/7/2010;1069.6;1086.7;1089;1065.2
20/7/2010;1083.5;1064.5;1083.9;1056.9
19/7/2010;1071.2;1066.8;1074.7;1061.1
16/7/2010;1064.9;1093.8;1093.8;1063.3
15/7/2010;1096.5;1094.5;1098.7;1080.5
14/7/2010;1095.2;1095.6;1099.1;1087.7
13/7/2010;1095.3;1080.7;1099.5;1080.7
12/7/2010;1078.8;1077.2;1080.8;1070.5
9/7/2010;1078;1070.5;1078.2;1068.1
8/7/2010;1070.2;1062.9;1071.2;1058.2
7/7/2010;1060.3;1028.5;1060.9;1028.5
6/7/2010;1028.1;1028.1;1042.5;1018.4
2/7/2010;1022.6;1027.7;1033;1015.9
1/7/2010;1027.4;1031.1;1033.6;1010.9
30/6/2010;1030.7;1040.6;1048.1;1028.3
29/6/2010;1041.2;1071.1;1071.1;1035.2
28/6/2010;1074.6;1077.5;1082.6;1071.5
25/6/2010;1076.8;1075.1;1083.6;1067.9
24/6/2010;1073.7;1090.9;1090.9;1071.6
23/6/2010;1092;1095.6;1099.6;1085.3
22/6/2010;1095.3;1113.9;1118.5;1094.2
21/6/2010;1113.2;1122.8;1131.2;1108.2
18/6/2010;1117.5;1116.2;1121;1113.9
17/6/2010;1116;1116;1117.7;1105.9
16/6/2010;1114.6;1114;1118.7;1107.1
15/6/2010;1115.2;1091.2;1115.6;1091.2
14/6/2010;1089.6;1095;1105.9;1089
11/6/2010;1091.6;1082.7;1092.2;1077.1
10/6/2010;1086.8;1058.8;1087.8;1058.8
9/6/2010;1055.7;1062.8;1077.7;1052.2
8/6/2010;1062;1050.8;1063.2;1042.2
7/6/2010;1050.5;1065.8;1071.4;1049.9
4/6/2010;1064.9;1098.4;1098.4;1060.5
3/6/2010;1102.8;1098.8;1105.7;1091.8
2/6/2010;1098.4;1073;1098.6;1072
1/6/2010;1070.7;1087.3;1094.8;1069.9
28/5/2010;1089.4;1102.6;1102.6;1084.8
27/5/2010;1103.1;1074.3;1103.5;1074.3
26/5/2010;1068;1075.5;1090.8;1065.6
25/5/2010;1074;1067.4;1074.8;1040.8
24/5/2010;1073.7;1084.8;1090;1072.7
21/5/2010;1087.7;1067.3;1090.2;1055.9
20/5/2010;1071.6;1107.3;1107.3;1071.6
19/5/2010;1115;1119.6;1124.3;1100.7
18/5/2010;1120.8;1138.8;1148.7;1117.2
17/5/2010;1136.9;1136.5;1141.9;1115
14/5/2010;1135.7;1157.2;1157.2;1126.1
13/5/2010;1157.4;1170;1173.6;1156.1
12/5/2010;1171.7;1155.4;1172.9;1155.4
11/5/2010;1155.8;1156.4;1170.5;1147.7
10/5/2010;1159.7;1122.3;1163.8;1122.3
7/5/2010;1110.9;1127;1135.1;1094.2
6/5/2010;1128.2;1164.4;1167.6;1065.8
5/5/2010;1165.9;1169.2;1176;1158.2
4/5/2010;1173.6;1197.5;1197.5;1168.1
3/5/2010;1202.3;1188.6;1205.1;1188.6
30/4/2010;1186.7;1206.8;1208;1186.3
29/4/2010;1206.8;1193.3;1209.4;1193.3
28/4/2010;1191.4;1184.6;1195;1181.8
27/4/2010;1183.7;1209.9;1211.4;1181.6
26/4/2010;1212;1217.1;1219.8;1211.1
23/4/2010;1217.3;1207.9;1217.3;1205.1
22/4/2010;1208.7;1202.5;1210.3;1190.2
21/4/2010;1205.9;1207.2;1211;1198.8
20/4/2010;1207.2;1199;1208.6;1199
19/4/2010;1197.5;1192.1;1197.9;1183.7
16/4/2010;1192.1;1210.2;1210.2;1186.8
15/4/2010;1211.7;1210.8;1213.9;1208.5
14/4/2010;1210.7;1198.7;1210.7;1198.7
13/4/2010;1197.3;1195.9;1199;1188.8
12/4/2010;1196.5;1194.9;1199.2;1194.7
9/4/2010;1194.4;1187.5;1194.7;1187.2
8/4/2010;1186.4;1181.8;1188.5;1175.1
7/4/2010;1182.5;1188.2;1189.6;1177.2
6/4/2010;1189.4;1186;1191.8;1182.8
5/4/2010;1187.4;1178.7;1187.7;1178.7
1/4/2010;1178.1;1171.2;1181.4;1170.7
31/3/2010;1169.4;1171.8;1174.6;1165.8
30/3/2010;1173.3;1173.8;1177.8;1168.9
29/3/2010;1173.2;1167.7;1174.8;1167.7
26/3/2010;1166.6;1167.6;1173.9;1161.5
25/3/2010;1165.7;1170;1180.7;1165.1
24/3/2010;1167.7;1172.7;1173;1166
23/3/2010;1174.2;1166.5;1174.7;1163.8
22/3/2010;1165.8;1157.2;1167.8;1152.9
19/3/2010;1159.9;1166.7;1169.2;1155.3
18/3/2010;1165.8;1166.1;1167.8;1161.2
17/3/2010;1166.2;1159.9;1169.8;1159.9
16/3/2010;1159.5;1150.8;1160.3;1150.3
15/3/2010;1150.5;1148.5;1151;1141.5
12/3/2010;1150;1151.7;1153.4;1147
11/3/2010;1150.2;1144;1150.2;1139
10/3/2010;1145.6;1140.2;1148.3;1140.1
9/3/2010;1140.5;1137.6;1145.4;1134.9
8/3/2010;1138.5;1138.4;1141;1136.8
5/3/2010;1138.7;1125.1;1139.4;1125.1
4/3/2010;1123;1119.1;1123.7;1116.7
3/3/2010;1118.8;1119.4;1125.6;1116.6
2/3/2010;1118.3;1117;1123.5;1116.5
1/3/2010;1115.7;1105.4;1116.1;1105.4
26/2/2010;1104.5;1103.1;1107.2;1097.6
25/2/2010;1102.9;1101.2;1103.5;1086
24/2/2010;1105.2;1095.9;1106.4;1095.5
23/2/2010;1094.6;1107.5;1108.6;1092.2
22/2/2010;1108;1110;1112.3;1105.4
19/2/2010;1109.2;1105.5;1112.4;1100.8
18/2/2010;1106.8;1099;1108.2;1097.5
17/2/2010;1099.5;1096.1;1101;1094.7
16/2/2010;1094.9;1079.1;1095.7;1079.1
12/2/2010;1075.5;1076;1077.8;1063
11/2/2010;1078.5;1067.1;1080;1060.6
10/2/2010;1068.1;1069.7;1073.7;1059.3
9/2/2010;1070.5;1060.1;1079.3;1060.1
8/2/2010;1056.7;1065.5;1071.2;1056.5
5/2/2010;1066.2;1064.1;1067.1;1044.5
4/2/2010;1063.1;1097.2;1097.2;1062.8
3/2/2010;1097.3;1100.7;1102.7;1094
2/2/2010;1103.3;1090;1104.7;1088
1/2/2010;1089.2;1073.9;1089.4;1073.9
29/1/2010;1073.9;1087.6;1096.5;1071.6
28/1/2010;1084.5;1096.9;1100.2;1078.5
27/1/2010;1097.5;1091.9;1099.5;1083.1
26/1/2010;1092.2;1095.8;1103.7;1089.9
25/1/2010;1096.8;1092.4;1103;1092.4
22/1/2010;1091.8;1115.5;1115.5;1090.2
21/1/2010;1116.5;1138.7;1141.6;1114.8
20/1/2010;1138;1148;1148;1129.2
19/1/2010;1150.2;1136;1150.5;1135.8
15/1/2010;1136;1147.7;1147.8;1131.4
14/1/2010;1148.5;1145.7;1150.4;1143.8
13/1/2010;1145.7;1137.3;1148.4;1133.2
12/1/2010;1136.2;1143.8;1143.8;1131.8
11/1/2010;1147;1146;1149.7;1142
8/1/2010;1145;1140.5;1145.4;1136.2
7/1/2010;1141.7;1136.3;1142.5;1131.3
6/1/2010;1137.1;1135.7;1139.2;1134
5/1/2010;1136.5;1132.7;1136.6;1129.7
4/1/2010;1133;1116.6;1133.9;1116.6
31/12/2009;1115.1;1126.6;1127.6;1114.8
30/12/2009;1126.4;1125.5;1126.4;1121.9
29/12/2009;1126.2;1128.5;1130.4;1126.1
28/12/2009;1127.8;1127.5;1130.4;1123.5
24/12/2009;1126.5;1121.1;1126.5;1121.1
23/12/2009;1120.6;1118.8;1121.6;1116
22/12/2009;1118;1114.5;1120.3;1114.5
21/12/2009;1114;1105.3;1117.7;1105.3
18/12/2009;1102.5;1097.9;1103.7;1093.9
17/12/2009;1096.1;1106.4;1106.4;1095.9
16/12/2009;1109.2;1108.6;1116.2;1108
15/12/2009;1107.9;1114.1;1114.1;1105.3
14/12/2009;1114.1;1107.8;1114.8;1107.8
11/12/2009;1106.4;1104;1108.5;1101.3
10/12/2009;1102.3;1098.7;1106.2;1098.7
9/12/2009;1096;1091.1;1097;1085.9
8/12/2009;1091.9;1103;1103;1088.6
7/12/2009;1103.2;1105.5;1110.7;1100.8
4/12/2009;1106;1100.4;1119.1;1096.5
3/12/2009;1099.9;1110.6;1117.3;1098.7
2/12/2009;1109.2;1109;1115.6;1105.3
1/12/2009;1108.9;1098.9;1112.3;1098.9
30/11/2009;1095.6;1091.1;1097.2;1086.2
27/11/2009;1091.5;1105.5;1105.5;1083.7
25/11/2009;1110.6;1106.5;1111.2;1104.8
24/11/2009;1105.7;1105.8;1107.6;1097.6
23/11/2009;1106.2;1094.9;1112.4;1094.9
20/11/2009;1091.4;1094.7;1094.7;1086.8
19/11/2009;1094.9;1106.4;1106.4;1088.4
18/11/2009;1109.8;1109.4;1111.1;1102.7
17/11/2009;1110.3;1109.2;1110.5;1102.2
16/11/2009;1109.3;1094.1;1113.7;1094.1
13/11/2009;1093.5;1087.6;1097.8;1085.3
12/11/2009;1087.2;1098.3;1102;1084.9
11/11/2009;1098.5;1096;1105.4;1093.8
10/11/2009;1093;1091.9;1096.4;1087.4
9/11/2009;1093.1;1072.3;1093.2;1072.3
6/11/2009;1069.3;1065;1071.5;1059.3
5/11/2009;1066.6;1047.3;1066.7;1047.3
4/11/2009;1046.5;1047.1;1061;1045.2
3/11/2009;1045.4;1040.9;1046.4;1033.9
2/11/2009;1042.9;1036.2;1052.2;1029.4
30/10/2009;1036.2;1065.4;1065.4;1033.4
29/10/2009;1066.1;1043.7;1066.8;1043.7
28/10/2009;1042.6;1061.5;1063.3;1042.2
27/10/2009;1063.4;1067.5;1072.5;1060.6
26/10/2009;1067;1080.4;1091.8;1065.2
23/10/2009;1079.6;1095.6;1095.8;1075.5
22/10/2009;1092.9;1081;1095.2;1074.3
21/10/2009;1081.4;1090.4;1101.4;1080.8
20/10/2009;1091.1;1098.6;1098.6;1086.2
19/10/2009;1097.9;1088.2;1100.2;1086.5
16/10/2009;1087.7;1094.7;1094.7;1081.5
15/10/2009;1096.6;1090.4;1096.6;1086.4
14/10/2009;1092;1078.7;1093.2;1078.7
13/10/2009;1073.2;1075;1075.3;1066.7
12/10/2009;1076.2;1071.6;1079.5;1071.6
9/10/2009;1071.5;1065.3;1071.5;1063
8/10/2009;1065.5;1060;1070.7;1060
7/10/2009;1057.6;1053.7;1058;1050.1
6/10/2009;1054.7;1042;1060.5;1042
5/10/2009;1040.5;1026.9;1042.6;1025.9
2/10/2009;1025.2;1029.7;1030.6;1020
1/10/2009;1029.8;1054.9;1054.9;1029.5
30/9/2009;1057.1;1061;1063.4;1046.5
29/9/2009;1060.6;1063.7;1069.6;1057.8
28/9/2009;1063;1045.4;1065.1;1045.4
25/9/2009;1044.4;1049.5;1053.5;1041.2
24/9/2009;1050.8;1062.6;1066.3;1045.8
23/9/2009;1060.9;1072.7;1080.2;1060.4
22/9/2009;1071.7;1066.3;1073.8;1066.3
21/9/2009;1064.7;1067.1;1067.3;1057.5
18/9/2009;1068.3;1066.6;1071.5;1064.3
17/9/2009;1065.5;1067.9;1074.8;1061.2
16/9/2009;1068.8;1054;1068.8;1052.9
15/9/2009;1052.6;1049;1056;1043.4
14/9/2009;1049.3;1040.2;1049.7;1035
11/9/2009;1042.7;1043.9;1048.2;1038.4
10/9/2009;1044.1;1033;1044.1;1028
9/9/2009;1033.4;1025.4;1036.3;1024
8/9/2009;1025.4;1018.7;1026.1;1018.7
4/9/2009;1016.4;1003.8;1016.5;1001.6
3/9/2009;1003.2;996.1;1003.4;992.2
2/9/2009;994.8;996.1;1000.3;992
1/9/2009;998;1019.5;1028.5;996.3
31/8/2009;1020.6;1025.2;1025.2;1014.6
28/8/2009;1028.9;1031.6;1039.5;1023.1
27/8/2009;1031;1027.8;1033.3;1016.2
26/8/2009;1028.1;1027.3;1032.5;1021.6
25/8/2009;1028;1026.6;1037.8;1026.2
24/8/2009;1025.6;1026.6;1035.8;1022.5
21/8/2009;1026.1;1009.1;1027.6;1009.1
20/8/2009;1007.4;996.4;1008.9;996.4
19/8/2009;996.5;986.9;999.6;980.6
18/8/2009;989.7;980.6;991.2;980.6
17/8/2009;979.7;998.2;998.2;978.5
14/8/2009;1004.1;1012.2;1012.6;994.6
13/8/2009;1012.7;1005.9;1013.1;1000.8
12/8/2009;1005.8;994;1012.8;993.4
11/8/2009;994.4;1005.8;1005.8;992.4
10/8/2009;1007.1;1008.9;1010.1;1001
7/8/2009;1010.5;999.8;1018;999.8
6/8/2009;997.1;1004.1;1008;992.5
5/8/2009;1002.7;1005.4;1006.6;994.3
4/8/2009;1005.6;1001.4;1007.1;996.7
3/8/2009;1002.6;990.2;1003.6;990.2
31/7/2009;987.5;986.8;993.2;982.9
30/7/2009;986.8;976;996.7;976
29/7/2009;975.1;977.7;977.8;968.6
28/7/2009;979.6;981.5;982.4;969.4
27/7/2009;982.2;978.6;982.5;972.3
24/7/2009;979.3;972.2;979.8;966
23/7/2009;976.3;954.1;979.4;953.3
22/7/2009;954.1;953.4;959.8;947.8
21/7/2009;954.6;952;956.5;943.2
20/7/2009;951.1;942.1;951.6;941
17/7/2009;940.4;940.6;941.9;934.6
16/7/2009;940.7;930.2;944;927.5
15/7/2009;932.7;910.1;934;910.1
14/7/2009;905.8;900.8;905.8;896.5
13/7/2009;901;879.6;901;875.3
10/7/2009;879.1;880;883.6;872.8
9/7/2009;882.7;881.3;887.9;878.5
8/7/2009;879.6;881.9;886.8;869.3
7/7/2009;881;898.6;898.6;879.9
6/7/2009;898.7;894.3;898.7;886.4
2/7/2009;896.4;921.2;921.2;896.4
1/7/2009;923.3;920.8;931.9;920.8
30/6/2009;919.3;927.1;930;912.9
29/6/2009;927.2;919.9;928;916.2
26/6/2009;918.9;918.8;922;913
25/6/2009;920.3;899.5;921.4;896.3
24/6/2009;900.9;896.3;910.9;896.3
23/6/2009;895.1;893.5;898.7;888.9
22/6/2009;893;918.1;918.1;893
19/6/2009;921.2;920;927.1;915.8
18/6/2009;918.4;910.9;921.9;907.9
17/6/2009;910.7;911.9;918.4;903.8
16/6/2009;912;925.6;928;911.6
15/6/2009;923.7;942.5;942.5;919.6
12/6/2009;946.2;943.4;946.3;935.7
11/6/2009;944.9;939;956.2;939
10/6/2009;939.1;942.7;949.8;928
9/6/2009;942.4;940.4;946.9;936.1
8/6/2009;939.1;938.1;946.3;926.4
5/6/2009;940.1;945.7;951.7;934.1
4/6/2009;942.5;932.5;942.5;929.3
3/6/2009;931.8;942.5;942.5;923.9
2/6/2009;944.7;942.9;949.4;938.5
1/6/2009;942.9;923.3;947.8;923.3
29/5/2009;919.1;907;920;903.6
28/5/2009;906.8;893;909.5;887.6
27/5/2009;893.1;910;913.8;891.9
26/5/2009;910.3;887;911.8;881.5
22/5/2009;887;888.7;896.6;883.8
21/5/2009;888.3;900.4;900.4;879.6
20/5/2009;903.5;908.6;924.6;901.4
19/5/2009;908.1;909.7;916.4;905.2
18/5/2009;909.7;886.1;910;886.1
15/5/2009;882.9;892.8;897;878.9
14/5/2009;893.1;884.2;898.4;882.5
13/5/2009;883.9;905.4;905.4;882.8
12/5/2009;908.4;910.5;915.6;896.5
11/5/2009;909.2;923;923;908.7
8/5/2009;929.2;909;930.2;909
7/5/2009;907.4;919.6;929.6;901.4
6/5/2009;919.5;904;920.3;904
5/5/2009;903.8;906.1;907.7;897.3
4/5/2009;907.2;879.2;907.9;879.2
1/5/2009;877.5;872.7;880.5;866.1
30/4/2009;872.8;876.6;888.7;868.5
29/4/2009;873.6;856.9;882.1;856.9
28/4/2009;855.2;854.5;864.5;847.1
27/4/2009;857.5;862.8;868.8;854.6
24/4/2009;866.2;853.9;871.8;853.9
23/4/2009;851.9;844.6;852.9;835.5
22/4/2009;843.5;847.3;861.8;840.6
21/4/2009;850.1;831.2;850.1;826.8
20/4/2009;832.4;868.3;868.3;832.4
17/4/2009;869.6;865.2;875.6;860.9
16/4/2009;865.3;854.5;870.4;847
15/4/2009;852.1;839.4;852.9;835.6
14/4/2009;841.5;856.9;856.9;840.2
13/4/2009;858.7;855.3;864.3;845.4
9/4/2009;856.6;829.3;856.9;829.3
8/4/2009;825.2;816.8;828.4;814.8
7/4/2009;815.5;834.1;834.1;814.5
6/4/2009;835.5;839.8;839.8;822.8
3/4/2009;842.5;835.1;842.5;826.7
2/4/2009;834.4;814.5;845.6;814.5
1/4/2009;811.1;793.6;813.6;783.3
31/3/2009;797.9;790.9;810.5;790.9
30/3/2009;787.5;809.1;809.1;779.8
27/3/2009;815.9;828.7;828.7;813.4
26/3/2009;832.9;814.1;833;814.1
25/3/2009;813.9;806.8;826.8;791.4
24/3/2009;806.1;820.6;823.6;805.5
23/3/2009;822.9;772.3;823.4;772.3
20/3/2009;768.5;784.6;788.9;766.2
19/3/2009;784;797.9;803.2;781.8
18/3/2009;794.4;776;803;765.6
17/3/2009;778.1;753.9;778.1;749.9
16/3/2009;753.9;758.8;774.5;753.4
13/3/2009;756.5;752;758.3;742.5
12/3/2009;750.7;720.9;752.6;714.8
11/3/2009;721.4;719.6;731.9;713.9
10/3/2009;719.6;679.3;719.6;679.3
9/3/2009;676.5;680.8;695.3;672.9
6/3/2009;683.4;684;699.1;666.8
5/3/2009;682.5;708.3;708.3;677.9
4/3/2009;712.9;698.6;724.1;698.6
3/3/2009;696.3;704.4;711.7;692.3
2/3/2009;700.8;729.6;729.6;699.7
27/2/2009;735.1;749.9;751.3;734.5
26/2/2009;752.8;765.8;779.4;751.8
25/2/2009;764.9;770.6;780.1;752.9
24/2/2009;773.1;744.7;775.5;744.7
23/2/2009;743.3;773.2;777.9;742.4
20/2/2009;770;775.9;778.7;754.2
19/2/2009;778.9;787.9;797.6;777
18/2/2009;788.4;791.1;796.2;780.4
17/2/2009;789.2;818.6;818.6;789.2
13/2/2009;826.8;834;839.4;825.2
12/2/2009;835.2;829.9;835.5;808.1
11/2/2009;833.7;827.4;838.2;822.3
10/2/2009;827.2;866.9;868;823
9/2/2009;869.9;868.2;875;861.6
6/2/2009;868.6;846.1;870.8;845.4
5/2/2009;845.9;831.8;850.5;819.9
4/2/2009;832.2;837.8;851.9;829.2
3/2/2009;838.5;825.7;842.6;822
2/2/2009;825.4;823.1;830.8;812.9
30/1/2009;825.9;845.7;851.7;821.7
29/1/2009;845.1;868.9;868.9;844.1
28/1/2009;874.1;845.7;877.9;845.7
27/1/2009;845.7;837.3;850.5;835.4
26/1/2009;836.6;832.5;852.5;827.7
23/1/2009;832;822.2;838.6;806.1
22/1/2009;827.5;839.7;839.7;811.3
21/1/2009;840.2;806.8;841.7;804.3
20/1/2009;805.2;849.6;849.6;804.5
16/1/2009;850.1;844.5;858.1;830.7
15/1/2009;843.7;842;851.6;817
14/1/2009;842.6;867.3;867.3;836.9
13/1/2009;871.8;869.8;877;862
12/1/2009;870.3;890.4;890.4;864.3
9/1/2009;890.4;909.9;911.9;888.3
8/1/2009;909.7;905.7;910;896.8
7/1/2009;906.6;927.5;927.5;902.4
6/1/2009;934.7;931.2;943.9;927.3
5/1/2009;927.5;929.2;936.6;919.5
2/1/2009;931.8;903;934.7;899.4
31/12/2008;903.2;890.6;910.3;889.7
30/12/2008;890.6;870.6;891.1;870.6
29/12/2008;869.4;872.4;873.7;857.1
26/12/2008;872.8;869.5;873.7;866.5
24/12/2008;868.1;863.9;869.8;861.4
23/12/2008;863.2;874.3;880.4;860.1
22/12/2008;871.6;887.2;887.4;857.1
19/12/2008;887.9;887;905.5;883
18/12/2008;885.3;906;911;877.4
17/12/2008;904.4;908.2;918.9;895.9
16/12/2008;913.2;871.5;914.7;871.5
15/12/2008;868.6;881.1;884.6;857.7
12/12/2008;879.7;871.8;883.2;851.4
11/12/2008;873.6;898.4;904.6;868.7
10/12/2008;899.2;892.2;908.3;885.5
9/12/2008;888.7;906.5;916.3;885.4
8/12/2008;909.7;882.7;918.6;882.7
5/12/2008;876.1;844.4;879.4;818.4
4/12/2008;845.2;869.8;875.6;833.6
3/12/2008;870.7;843.6;873.1;827.6
2/12/2008;848.8;817.9;850.5;817.9
1/12/2008;816.2;888.6;888.6;815.7
28/11/2008;896.2;886.9;896.2;881.2
26/11/2008;887.7;852.9;887.7;841.4
25/11/2008;857.4;853.4;868.9;835
24/11/2008;851.8;801.2;865.6;801.2
21/11/2008;800;755.8;801.2;741
20/11/2008;752.4;805.9;820.5;747.8
19/11/2008;806.6;859;864.6;806.2
18/11/2008;859.1;852.3;865.9;826.8
17/11/2008;850.8;873.2;882.3;849
14/11/2008;873.3;904.4;916.9;869.9
13/11/2008;911.3;853.1;913;818.7
12/11/2008;852.3;893.4;893.4;850.5
11/11/2008;899;917.1;917.1;884.9
10/11/2008;919.2;936.8;952;907.5
7/11/2008;931;907.4;931.5;906.9
6/11/2008;904.9;952.4;952.4;899.7
5/11/2008;952.8;1001.8;1001.8;949.9
4/11/2008;1005.8;971.3;1007.5;971.3
3/11/2008;966.3;968.7;975.6;958.8
31/10/2008;968.8;953.1;984.4;944.6
30/10/2008;954.1;939.4;963.2;928.5
29/10/2008;930.1;939.5;970;922.3
28/10/2008;940.5;848.9;940.5;845.3
27/10/2008;848.9;874.3;893.8;846.8
24/10/2008;876.8;895.2;896.3;852.9
23/10/2008;908.1;899.1;922.8;858.4
22/10/2008;896.8;951.7;951.7;875.8
21/10/2008;955;980.4;985.4;952.5
20/10/2008;985.4;943.5;985.4;943.5
17/10/2008;940.5;942.3;984.6;918.7
16/10/2008;946.4;909.5;947.7;865.8
15/10/2008;907.8;994.6;994.6;904
14/10/2008;998;1010;1044.3;972.1
13/10/2008;1003.4;912.8;1006.9;912.8
10/10/2008;899.2;902.3;936.4;839.8
9/10/2008;909.9;988.4;1005.2;909.2
8/10/2008;984.9;988.9;1021.1;971
7/10/2008;996.2;1057.6;1072.9;996.2
6/10/2008;1056.9;1097.6;1097.6;1008
3/10/2008;1099.2;1115.2;1153.8;1098.1
2/10/2008;1114.3;1160.6;1160.6;1111.4
1/10/2008;1161.1;1164.2;1167;1140.8
30/9/2008;1166.4;1113.8;1168;1113.8
29/9/2008;1106.4;1209.1;1209.1;1106.4
26/9/2008;1213;1204.5;1215.8;1187.5
25/9/2008;1209.2;1187.9;1220;1187.9
24/9/2008;1185.9;1188.8;1197.4;1179.8
23/9/2008;1188.2;1207.6;1221.2;1187.1
22/9/2008;1207.1;1255.4;1255.4;1205.6
19/9/2008;1255.1;1213.1;1265.1;1213.1
18/9/2008;1206.5;1157.1;1211.1;1133.5
17/9/2008;1156.4;1210.3;1210.3;1155.9
16/9/2008;1213.6;1188.3;1214.8;1169.3
15/9/2008;1192.7;1250.9;1250.9;1192.7
12/9/2008;1251.7;1245.9;1255.1;1233.8
11/9/2008;1249;1229;1250;1211.5
10/9/2008;1232;1227.5;1243.9;1221.6
9/9/2008;1224.5;1268;1268.7;1224.5
8/9/2008;1267.8;1249.5;1274.4;1247.1
5/9/2008;1242.3;1233.2;1244.9;1217.2
4/9/2008;1236.8;1271.8;1271.8;1232.8
3/9/2008;1275;1276.6;1280.6;1265.6
2/9/2008;1277.6;1287.8;1303;1272.2
29/8/2008;1282.8;1296.5;1297.6;1282.7
28/8/2008;1300.7;1283.8;1300.7;1283.8
27/8/2008;1281.7;1271.3;1285;1270
26/8/2008;1271.5;1267;1275.7;1263.2
25/8/2008;1266.8;1290.5;1290.5;1264.9
22/8/2008;1292.2;1277.6;1293.1;1277.6
21/8/2008;1277.7;1271.1;1281.4;1265.2
20/8/2008;1274.5;1267.3;1276;1261.2
19/8/2008;1266.7;1276.7;1276.7;1263.1
18/8/2008;1278.6;1298.1;1300.2;1274.5
15/8/2008;1298.2;1293.8;1302;1290.7
14/8/2008;1292.9;1282.1;1300.1;1276.8
13/8/2008;1285.8;1288.6;1294;1274.9
12/8/2008;1289.6;1304.8;1304.8;1285.6
11/8/2008;1305.3;1294.4;1313.2;1291.4
8/8/2008;1296.3;1266.3;1297.8;1262.1
7/8/2008;1266.1;1286.5;1286.5;1264.3
6/8/2008;1289.2;1284;1291.7;1276
5/8/2008;1284.9;1254.9;1284.9;1254.7
4/8/2008;1249;1260.2;1260.5;1247.5
1/8/2008;1260.3;1269.4;1270.5;1254.5
31/7/2008;1267.4;1281.4;1284.9;1266
30/7/2008;1284.3;1264.5;1284.3;1264.5
29/7/2008;1263.2;1236.4;1263.2;1236.4
28/7/2008;1234.4;1257.8;1260.1;1234.4
25/7/2008;1257.8;1253.5;1263.2;1251.8
24/7/2008;1252.5;1283.2;1283.2;1251.5
23/7/2008;1282.2;1278.9;1291.2;1276.1
22/7/2008;1277;1257.1;1277.4;1248.8
21/7/2008;1260;1261.8;1267.7;1255.7
18/7/2008;1260.7;1258.2;1262.2;1251.8
17/7/2008;1260.3;1246.3;1262.3;1241.5
16/7/2008;1245.4;1214.7;1245.5;1211.4
15/7/2008;1214.9;1226.8;1234.3;1200.4
14/7/2008;1228.3;1241.6;1253.5;1225
11/7/2008;1239.5;1248.7;1257.3;1225.3
10/7/2008;1253.4;1245.2;1257.7;1236.8
9/7/2008;1244.7;1273.4;1277.4;1244.6
8/7/2008;1273.7;1251.8;1274.2;1242.8
7/7/2008;1252.3;1262.9;1274;1240.7
3/7/2008;1262.9;1263;1271.5;1252
2/7/2008;1261.5;1285.8;1292.2;1261.5
1/7/2008;1284.9;1276.7;1285.3;1260.7
30/6/2008;1280;1278.1;1290.3;1274.9
27/6/2008;1278.4;1283.6;1289.5;1272
26/6/2008;1283.2;1316.3;1316.3;1283.2
25/6/2008;1322;1314.5;1335.6;1314.5
24/6/2008;1314.3;1317.2;1326;1304.4
23/6/2008;1318;1319.8;1323.8;1315.3
20/6/2008;1317.9;1341;1341;1314.5
19/6/2008;1342.8;1336.9;1347.7;1330.5
18/6/2008;1337.8;1349.6;1349.6;1333.4
17/6/2008;1350.9;1360.7;1366.6;1350.5
16/6/2008;1360.1;1358.8;1364.7;1352.1
13/6/2008;1360;1341.8;1360;1341.7
12/6/2008;1339.9;1335.8;1353;1331.3
11/6/2008;1335.5;1357.1;1357.1;1335.5
10/6/2008;1358.4;1359;1366.8;1351.6
9/6/2008;1361.8;1360.8;1370.6;1350.6
6/6/2008;1360.7;1400.1;1400.1;1359.9
5/6/2008;1404;1377.5;1404;1377.5
4/6/2008;1377.2;1376.3;1388.2;1371.7
3/6/2008;1377.7;1386.4;1393.1;1370.1
2/6/2008;1385.7;1399.6;1399.6;1377.8
30/5/2008;1400.4;1398.4;1404.5;1398.1
29/5/2008;1398.3;1390.5;1406.3;1388.6
28/5/2008;1390.8;1386.5;1391.2;1378.2
27/5/2008;1385.3;1376;1387.4;1373.1
23/5/2008;1375.9;1392.2;1392.2;1373.7
22/5/2008;1394.3;1390.8;1399.1;1390.2
21/5/2008;1390.7;1414.1;1419.1;1388.8
20/5/2008;1413.4;1424.5;1424.5;1409.1
19/5/2008;1426.6;1425.3;1440.2;1421.6
16/5/2008;1425.3;1423.9;1425.8;1414.3
15/5/2008;1423.6;1408.4;1424.4;1406.9
14/5/2008;1408.7;1405.7;1420.2;1405.7
13/5/2008;1403;1404.4;1406.3;1396.3
12/5/2008;1403.6;1389.4;1404.1;1386.2
9/5/2008;1388.3;1394.9;1394.9;1384.1
8/5/2008;1397.7;1394.3;1402.3;1389.4
7/5/2008;1392.6;1417.5;1419.5;1391.2
6/5/2008;1418.3;1405.6;1421.6;1397.1
5/5/2008;1407.5;1412.8;1415.7;1404.4
2/5/2008;1413.9;1409.2;1422.7;1406.2
1/5/2008;1409.3;1386;1410.1;1383.1
30/4/2008;1385.6;1391.2;1404.6;1384.2
29/4/2008;1390.9;1395.6;1397;1386.7
28/4/2008;1396.4;1398;1402.9;1394.4
25/4/2008;1397.8;1387.9;1399.1;1380
24/4/2008;1388.8;1380.5;1397.7;1371.1
23/4/2008;1379.9;1378.4;1387.9;1372.2
22/4/2008;1375.9;1386.4;1386.4;1369.8
21/4/2008;1388.2;1387.7;1390.2;1379.2
18/4/2008;1390.3;1369;1395.9;1369
17/4/2008;1365.6;1363.4;1368.6;1357.2
16/4/2008;1364.7;1337;1365.5;1337
15/4/2008;1334.4;1331.7;1337.7;1324.3
14/4/2008;1328.3;1332.2;1335.6;1326.2
11/4/2008;1332.8;1358;1358;1331.2
10/4/2008;1360.5;1355.4;1367.2;1350.1
9/4/2008;1354.5;1365.5;1368.4;1350
8/4/2008;1365.5;1370.2;1370.2;1360.6
7/4/2008;1372.5;1373.7;1386.7;1369
4/4/2008;1370.4;1369.8;1380.9;1362.8
3/4/2008;1369.3;1365.7;1375.7;1358.7
2/4/2008;1367.5;1370;1378;1361.5
1/4/2008;1370.2;1326.4;1370.2;1326.4
31/3/2008;1322.7;1315.9;1328.5;1312.8
28/3/2008;1315.2;1327;1334.9;1313
27/3/2008;1325.8;1340.3;1345.6;1325.7
26/3/2008;1341.1;1352.5;1352.5;1336.4
25/3/2008;1353;1349.1;1357.5;1341.2
24/3/2008;1349.9;1330.3;1359.7;1330.3
20/3/2008;1329.5;1299.7;1330.7;1295.2
19/3/2008;1298.4;1331;1341.5;1298.4
18/3/2008;1330.7;1277.2;1330.7;1277.2
17/3/2008;1276.6;1283.2;1287.5;1257
14/3/2008;1288.1;1316;1321.5;1274.9
13/3/2008;1315.5;1305.3;1321.7;1282.1
12/3/2008;1308.8;1321.1;1333.3;1307.9
11/3/2008;1320.7;1274.4;1320.7;1274.4
10/3/2008;1273.4;1293.2;1295;1272.7
7/3/2008;1293.4;1301.5;1313.2;1282.4
6/3/2008;1304.3;1332.2;1332.2;1303.4
5/3/2008;1333.7;1327.7;1344.2;1320.2
4/3/2008;1326.8;1329.6;1331;1307.4
3/3/2008;1331.3;1330.5;1335.1;1320
29/2/2008;1330.6;1364.1;1364.1;1325.4
28/2/2008;1367.7;1378.2;1378.2;1363.2
27/2/2008;1380;1379;1388.3;1372
26/2/2008;1381.3;1371.8;1387.3;1363.3
25/2/2008;1371.8;1352.8;1374.4;1346
22/2/2008;1353.1;1344.2;1354.3;1327
21/2/2008;1342.5;1362.2;1367.9;1339.3
20/2/2008;1360;1348.4;1363.7;1336.5
19/2/2008;1348.8;1355.9;1367.3;1345
15/2/2008;1350;1347.5;1350;1338.1
14/2/2008;1348.9;1367.3;1368.2;1347.3
13/2/2008;1367.2;1353.1;1369.2;1350.8
12/2/2008;1348.9;1340.5;1362.1;1339.4
11/2/2008;1339.1;1331.9;1341.4;1320.3
8/2/2008;1331.3;1336.9;1341.2;1321.1
7/2/2008;1336.9;1324;1347.2;1316.8
6/2/2008;1326.5;1339.5;1352;1324.3
5/2/2008;1336.6;1380.3;1380.3;1336.6
4/2/2008;1380.8;1395.4;1395.4;1379.7
1/2/2008;1395.4;1378.6;1396;1375.9
31/1/2008;1378.5;1352;1385.6;1334.1
30/1/2008;1355.8;1362.2;1385.9;1353
29/1/2008;1362.3;1355.9;1364.9;1350.2
28/1/2008;1354;1330.7;1354;1322.3
25/1/2008;1330.6;1357.3;1368.6;1327.5
24/1/2008;1352.1;1340.1;1355.2;1334.3
23/1/2008;1338.6;1310.4;1339.1;1270
22/1/2008;1310.5;1312.9;1322.1;1274.3
18/1/2008;1325.2;1333.9;1350.3;1312.5
17/1/2008;1333.2;1374.8;1377.7;1330.7
16/1/2008;1373.2;1377.4;1392;1364.3
15/1/2008;1381;1411.9;1411.9;1380.6
14/1/2008;1416.2;1402.9;1417.9;1402.9
11/1/2008;1401;1419.9;1419.9;1394.8
10/1/2008;1420.3;1406.8;1429.1;1395.3
9/1/2008;1409.1;1390.2;1409.2;1378.7
8/1/2008;1390.2;1415.7;1430.3;1388.3
7/1/2008;1416.2;1414.1;1423.9;1403.5
4/1/2008;1411.6;1444;1444;1411.2
3/1/2008;1447.2;1447.5;1456.8;1443.7
2/1/2008;1447.2;1468;1471.8;1442.1
31/12/2007;1468.4;1475.2;1475.8;1465.1
28/12/2007;1478.5;1479.8;1488;1471.7
27/12/2007;1476.4;1495;1495;1475.9
26/12/2007;1497.7;1495.1;1498.8;1488.2
24/12/2007;1496.5;1484.5;1497.6;1484.5
21/12/2007;1484.5;1463.2;1485.4;1463.2
20/12/2007;1460.1;1456.4;1461.5;1447.2
19/12/2007;1453;1454.7;1464.4;1445.3
18/12/2007;1455;1445.9;1460.2;1435.7
17/12/2007;1445.9;1465;1465;1445.4
14/12/2007;1468;1486.2;1486.7;1467.8
13/12/2007;1488.4;1483.3;1489.4;1469.2
12/12/2007;1486.6;1487.6;1512;1468.2
11/12/2007;1477.7;1516.7;1523.6;1476
10/12/2007;1516;1505.1;1518.3;1505
7/12/2007;1504.7;1508.6;1510.6;1502.7
6/12/2007;1507.3;1484.6;1508;1482.2
5/12/2007;1485;1465.2;1486.1;1465.2
4/12/2007;1462.8;1471.3;1471.3;1460.7
3/12/2007;1472.4;1479.6;1481.2;1470.1
30/11/2007;1481.1;1471.8;1488.9;1470.9
29/11/2007;1469.7;1467.4;1473.8;1458.4
28/11/2007;1469;1433;1471.6;1433
27/11/2007;1428.2;1409.6;1429.5;1407.4
26/11/2007;1407.2;1440.7;1446.1;1406.1
23/11/2007;1440.7;1417.6;1440.9;1417.6
21/11/2007;1416.8;1434.7;1436.4;1415.6
20/11/2007;1439.7;1434.5;1452.6;1419.3
19/11/2007;1433.3;1456.7;1456.7;1430.4
16/11/2007;1458.7;1453.1;1462.2;1444
15/11/2007;1451.2;1468;1472.7;1443.5
14/11/2007;1470.6;1483.4;1492.1;1466.5
13/11/2007;1481;1441.3;1481.4;1441.3
12/11/2007;1439.2;1453.7;1464.9;1438.5
9/11/2007;1453.7;1467.6;1474.1;1448.5
8/11/2007;1474.8;1475.3;1482.5;1450.3
7/11/2007;1475.6;1515.5;1515.5;1475
6/11/2007;1520.3;1505.3;1520.8;1499.1
5/11/2007;1502.2;1505.6;1510.8;1490
2/11/2007;1509.7;1511.1;1513.2;1492.5
1/11/2007;1508.4;1545.8;1545.8;1506.7
31/10/2007;1549.4;1532.2;1552.8;1529.4
30/10/2007;1531;1539.4;1539.4;1529.5
29/10/2007;1541;1536.9;1544.7;1536.4
26/10/2007;1535.3;1522.2;1535.5;1520.2
25/10/2007;1514.4;1516.2;1523.2;1500.5
24/10/2007;1515.9;1516.6;1517.2;1489.6
23/10/2007;1519.6;1509.3;1520;1503.6
22/10/2007;1506.3;1497.8;1508.1;1490.4
19/10/2007;1500.6;1540;1540;1500.3
18/10/2007;1540.1;1539.3;1542.8;1531.8
17/10/2007;1541.2;1544.4;1550.7;1526
16/10/2007;1538.5;1547.8;1547.8;1536.3
15/10/2007;1548.7;1562.2;1564.7;1540.8
12/10/2007;1561.8;1555.4;1563;1554.1
11/10/2007;1554.4;1564.7;1576.1;1546.7
10/10/2007;1562.5;1565;1565.4;1555.5
9/10/2007;1565.2;1553.2;1565.3;1551.8
8/10/2007;1552.6;1556.5;1556.5;1549
5/10/2007;1557.6;1543.8;1561.9;1543.8
4/10/2007;1542.8;1539.9;1544;1537.6
3/10/2007;1539.6;1545.8;1545.8;1536.3
2/10/2007;1546.6;1547;1548;1540.4
1/10/2007;1547;1527.3;1549;1527.2
28/9/2007;1526.8;1531.2;1533.7;1522
27/9/2007;1531.4;1527.3;1532.5;1525.8
26/9/2007;1525.4;1518.6;1529.4;1518.6
25/9/2007;1517.2;1516.3;1518.3;1507.1
24/9/2007;1517.7;1525.8;1530.2;1516.2
21/9/2007;1525.8;1518.8;1530.9;1518.8
20/9/2007;1518.8;1528.7;1529.1;1516.4
19/9/2007;1529;1519.8;1538.7;1519.8
18/9/2007;1519.8;1476.6;1519.9;1476.6
17/9/2007;1476.7;1484.2;1484.2;1471.8
14/9/2007;1484.2;1484;1486;1473.2
13/9/2007;1484;1471.5;1489.6;1471.5
12/9/2007;1471.6;1471.1;1479.5;1465.8
11/9/2007;1471.5;1451.7;1472.5;1451.7
10/9/2007;1451.7;1453.5;1462.2;1439.3
7/9/2007;1453.5;1478.5;1478.5;1449.1
6/9/2007;1478.5;1472;1481.5;1467.4
5/9/2007;1472.3;1488.8;1488.8;1466.3
4/9/2007;1489.4;1474;1496.4;1472.2
31/8/2007;1474;1457.6;1481.5;1457.6
30/8/2007;1457.6;1463.7;1468.4;1451.2
29/8/2007;1463.8;1432;1463.8;1432
28/8/2007;1432.4;1466.7;1466.7;1432
27/8/2007;1466.8;1479.4;1479.4;1466
24/8/2007;1479.4;1462.3;1479.4;1460.5
23/8/2007;1462.5;1464;1472.1;1453.9
22/8/2007;1464.1;1447;1464.9;1447
21/8/2007;1447.1;1445.5;1455.3;1439.8
20/8/2007;1445.5;1445.9;1451.8;1430.5
17/8/2007;1445.9;1411.3;1450.3;1411.3
16/8/2007;1411.3;1406.6;1416;1370.6
15/8/2007;1406.7;1426.2;1440.8;1404.4
14/8/2007;1426.5;1452.9;1456.7;1426.2
13/8/2007;1452.9;1453.4;1466.3;1451.5
10/8/2007;1453.6;1453.1;1462;1429.7
9/8/2007;1453.1;1497.2;1497.2;1453.1
8/8/2007;1497.5;1476.2;1503.9;1476.2
7/8/2007;1476.7;1467.6;1488.3;1455.8
6/8/2007;1467.7;1433;1467.7;1427.4
3/8/2007;1433.1;1472.2;1473.2;1432.8
2/8/2007;1472.2;1465.5;1476.4;1460.6
1/8/2007;1465.8;1455.2;1468.4;1439.6
31/7/2007;1455.3;1473.9;1488.3;1454.2
30/7/2007;1473.9;1458.9;1477.9;1454.3
27/7/2007;1459;1482.4;1488.5;1459
26/7/2007;1482.7;1518.1;1518.1;1465.3
25/7/2007;1518.1;1511;1524.3;1503.7
24/7/2007;1511;1541.6;1541.6;1508.6
23/7/2007;1541.6;1534.1;1547.2;1534.1
20/7/2007;1534.1;1553.2;1553.2;1529.2
19/7/2007;1553.1;1546.1;1555.2;1546.1
18/7/2007;1546.2;1549.2;1549.2;1533.7
17/7/2007;1549.4;1549.5;1555.3;1547.7
16/7/2007;1549.5;1552.5;1555.9;1546.7
13/7/2007;1552.5;1547.7;1555.1;1544.8
12/7/2007;1547.7;1518.7;1547.9;1518.7
11/7/2007;1518.8;1509.9;1519.3;1506.1
10/7/2007;1510.1;1531.8;1531.8;1510
9/7/2007;1531.8;1530.4;1534.3;1527.5
6/7/2007;1530.4;1525;1532.4;1520.5
5/7/2007;1525.4;1524.9;1526.6;1517.7
3/7/2007;1524.9;1519.1;1526;1519.1
2/7/2007;1519.4;1504.7;1519.5;1504.7
29/6/2007;1503.3;1505.7;1517.5;1493.6
28/6/2007;1505.7;1506.3;1514.8;1503.4
27/6/2007;1506.3;1492.6;1506.8;1484.2
26/6/2007;1492.9;1497.7;1506.1;1490.5
25/6/2007;1497.7;1502.6;1514.3;1492.7
22/6/2007;1502.6;1522.2;1522.2;1500.7
21/6/2007;1522.2;1512.5;1522.9;1504.8
20/6/2007;1512.8;1533.7;1537.3;1512.4
19/6/2007;1533.7;1531;1535.8;1525.7
18/6/2007;1531;1532.9;1535.4;1529.3
15/6/2007;1532.9;1525.5;1538.7;1525.5
14/6/2007;1523;1515.6;1526.5;1515.6
13/6/2007;1515.7;1492.7;1515.7;1492.7
12/6/2007;1493;1509.1;1511.3;1493
11/6/2007;1509.1;1507.6;1515.5;1503.3
8/6/2007;1507.7;1490.7;1507.8;1487.4
7/6/2007;1490.7;1517.4;1517.4;1490.4
6/6/2007;1517.4;1530.6;1530.6;1514.1
5/6/2007;1531;1539.1;1539.1;1525.6
4/6/2007;1539.2;1536.3;1540.5;1532.3
1/6/2007;1536.3;1530.6;1540.6;1530.6
31/5/2007;1530.6;1530.2;1535.6;1528.3
30/5/2007;1530.2;1517.6;1530.2;1510.1
29/5/2007;1518.1;1515.5;1521.8;1512
25/5/2007;1515.7;1507.5;1517.4;1507.5
24/5/2007;1507.5;1522.1;1529.3;1505.2
23/5/2007;1522.3;1524.1;1532.4;1521.9
22/5/2007;1524.1;1525.1;1529.2;1522
21/5/2007;1525.1;1522.8;1529.9;1522.7
18/5/2007;1522.8;1512.7;1522.8;1512.7
17/5/2007;1512.8;1514;1517.1;1509.3
16/5/2007;1514.1;1500.8;1514.2;1500.8
15/5/2007;1501.2;1503.1;1514.8;1500.4
14/5/2007;1503.2;1505.8;1510.9;1498.3
11/5/2007;1505.8;1491.5;1506.2;1491.5
10/5/2007;1491.5;1512.3;1512.3;1491.4
9/5/2007;1512.6;1507.3;1513.8;1503.8
8/5/2007;1507.7;1509.4;1509.4;1500.7
7/5/2007;1509.5;1505.6;1511;1505.5
4/5/2007;1505.6;1502.3;1510.3;1501.8
3/5/2007;1502.4;1495.6;1503.3;1495.6
2/5/2007;1495.9;1486.1;1499.1;1486.1
1/5/2007;1486.3;1482.4;1487.3;1476.7
30/4/2007;1482.4;1494.1;1497.2;1482.3
27/4/2007;1494.1;1494.2;1497.3;1488.7
26/4/2007;1494.2;1495.3;1498;1491.2
25/4/2007;1495.4;1480.3;1496.6;1480.3
24/4/2007;1480.4;1480.9;1483.8;1473.7
23/4/2007;1480.9;1484.3;1487.3;1480.2
20/4/2007;1484.3;1470.7;1484.7;1470.7
19/4/2007;1470.7;1472.5;1474.2;1464.5
18/4/2007;1472.5;1471.5;1476.6;1466.4
17/4/2007;1471.5;1468.5;1474.3;1467.2
16/4/2007;1468.5;1452.8;1468.6;1452.8
13/4/2007;1452.8;1447.8;1453.1;1444.2
12/4/2007;1447.8;1438.9;1448;1433.9
11/4/2007;1438.9;1448.2;1448.4;1436.2
10/4/2007;1448.4;1444.6;1448.7;1444
9/4/2007;1444.6;1443.8;1448.1;1443.3
5/4/2007;1443.8;1438.9;1444.9;1436.7
4/4/2007;1439.4;1437.8;1440.2;1435.1
3/4/2007;1437.8;1424.3;1440.6;1424.3
2/4/2007;1424.5;1420.8;1425.5;1416.4
30/3/2007;1420.9;1422.5;1429.2;1408.9
29/3/2007;1422.5;1417.2;1426.2;1413.3
28/3/2007;1417.2;1428.3;1428.3;1414.1
27/3/2007;1428.6;1437.5;1437.5;1425.5
26/3/2007;1437.5;1436.1;1437.7;1423.3
23/3/2007;1436.1;1434.5;1438.9;1433.2
22/3/2007;1434.5;1435;1437.7;1429.9
21/3/2007;1435;1410.9;1437.8;1409.8
20/3/2007;1410.9;1402;1411.5;1400.7
19/3/2007;1402.1;1387;1403.2;1387
16/3/2007;1387;1392.3;1397.5;1383.6
15/3/2007;1392.3;1387.1;1395.7;1385.2
14/3/2007;1387.2;1377.9;1388.1;1364
13/3/2007;1378;1406.2;1406.2;1377.7
12/3/2007;1406.6;1402.8;1409.3;1398.4
9/3/2007;1402.8;1401.9;1410.2;1397.3
8/3/2007;1401.9;1391.9;1407.9;1391.9
7/3/2007;1392;1395;1401.2;1390.6
6/3/2007;1395.4;1374.1;1397.9;1374.1
5/3/2007;1374.1;1387.1;1391.9;1374
2/3/2007;1387.2;1403.2;1403.4;1386.9
1/3/2007;1403.2;1406.8;1409.5;1380.9
28/2/2007;1406.8;1398.6;1415.9;1396.7
27/2/2007;1399;1449.2;1449.2;1389.4
26/2/2007;1449.4;1451;1457;1445.5
23/2/2007;1451.2;1456.2;1456.2;1448.4
22/2/2007;1456.4;1457.3;1461.6;1450.5
21/2/2007;1457.6;1459.6;1459.6;1452
20/2/2007;1459.7;1455.5;1460.5;1449.2
16/2/2007;1455.5;1456.8;1456.8;1451.6
15/2/2007;1456.8;1455.2;1458;1453.2
14/2/2007;1455.3;1443.9;1457.7;1443.9
13/2/2007;1444.3;1433.2;1444.4;1433.2
12/2/2007;1433.4;1438;1439.1;1431.4
9/2/2007;1438.1;1448.2;1452.5;1433.4
8/2/2007;1448.3;1450;1450.5;1442.8
7/2/2007;1450;1447.4;1453;1446.4
6/2/2007;1448;1447;1450.2;1443.4
5/2/2007;1447;1448.3;1449.4;1443.8
2/2/2007;1448.4;1445.9;1449.3;1444.5
1/2/2007;1445.9;1437.9;1446.6;1437.9
31/1/2007;1438.2;1428.7;1441.6;1424.8
30/1/2007;1428.8;1420.6;1428.8;1420.6
29/1/2007;1420.6;1422;1426.9;1418.5
26/1/2007;1422.2;1423.9;1427.3;1417
25/1/2007;1423.9;1440.1;1440.7;1422.3
24/1/2007;1440.1;1428;1440.1;1428
23/1/2007;1428;1423;1431.3;1421.7
22/1/2007;1423;1430.5;1431.4;1420.4
19/1/2007;1430.5;1426.3;1431.6;1425.2
18/1/2007;1426.4;1430.6;1433.3;1424.2
17/1/2007;1430.6;1431.8;1435.3;1428.6
16/1/2007;1431.9;1430.7;1433.9;1428.6
12/1/2007;1430.7;1423.8;1431.2;1422.6
11/1/2007;1423.8;1414.8;1427.1;1414.8
10/1/2007;1414.8;1411.9;1416;1404.3
9/1/2007;1412.1;1412.8;1415.6;1405.4
8/1/2007;1412.8;1409.3;1415;1404
5/1/2007;1409.7;1418.3;1418.3;1405.8
4/1/2007;1418.3;1416.6;1421.8;1408.2
3/1/2007;1416.6;1418;1429.4;1407.9
29/12/2006;1418.3;1424.7;1427;1416.7
28/12/2006;1424.7;1426.8;1427.3;1422
27/12/2006;1426.8;1416.6;1427.7;1416.6
26/12/2006;1416.9;1410.8;1417.9;1410.5
22/12/2006;1410.8;1418.1;1418.8;1410.3
21/12/2006;1418.3;1423.2;1426.4;1415.9
20/12/2006;1423.5;1425.5;1429;1423.5
19/12/2006;1425.5;1422.4;1428.3;1414.9
18/12/2006;1422.5;1427.1;1431.8;1420.7
15/12/2006;1427.1;1425.5;1431.6;1425.5
14/12/2006;1425.5;1413.2;1427.2;1413.2
13/12/2006;1413.2;1411.3;1416.6;1411
12/12/2006;1411.6;1413;1413.8;1404.8
11/12/2006;1413;1409.8;1415.6;1408.6
8/12/2006;1409.8;1407.3;1414.1;1403.7
7/12/2006;1407.3;1412.9;1418.3;1406.8
6/12/2006;1412.9;1414.4;1415.9;1411
5/12/2006;1414.8;1409.1;1415.3;1408.8
4/12/2006;1409.1;1396.7;1411.2;1396.7
1/12/2006;1396.7;1400.6;1402.5;1385.9
30/11/2006;1400.6;1399.5;1406.3;1393.8
29/11/2006;1399.5;1386.1;1401.1;1386.1
28/11/2006;1386.7;1381.6;1387.9;1377.8
27/11/2006;1381.9;1401;1401;1381.4
24/11/2006;1401;1405.9;1405.9;1399.2
22/11/2006;1406.1;1402.7;1407.9;1402.3
21/11/2006;1402.8;1400.4;1403.5;1400
20/11/2006;1400.5;1401.2;1404.4;1397.8
17/11/2006;1401.2;1399.8;1401.2;1394.5
16/11/2006;1399.8;1396.5;1403.8;1396.5
15/11/2006;1396.6;1392.9;1401.3;1392.1
14/11/2006;1393.2;1384.4;1394.5;1379.1
13/11/2006;1384.4;1380.6;1387.6;1378.8
10/11/2006;1380.9;1378.3;1381;1375.6
9/11/2006;1378.3;1385.4;1388.9;1377.3
8/11/2006;1385.7;1382.5;1388.6;1376.3
7/11/2006;1382.8;1379.8;1388.2;1379.2
6/11/2006;1379.8;1364.3;1381.4;1364.3
3/11/2006;1364.3;1367.3;1371.7;1361
2/11/2006;1367.3;1367.4;1368.4;1362.2
1/11/2006;1367.8;1377.8;1382;1366.3
31/10/2006;1377.9;1377.9;1381.2;1372.2
30/10/2006;1377.9;1377.3;1381.2;1373.5
27/10/2006;1377.3;1388.9;1388.9;1375.8
26/10/2006;1389.1;1382.2;1389.5;1379.5
25/10/2006;1382.2;1377.4;1383.6;1376
24/10/2006;1377.4;1377;1377.8;1372.4
23/10/2006;1377;1368.6;1377.4;1363.9
20/10/2006;1368.6;1366.9;1368.7;1362.1
19/10/2006;1367;1366;1368.1;1362.1
18/10/2006;1366;1363.9;1372.9;1361
17/10/2006;1364;1369;1369;1356.9
16/10/2006;1369;1365.6;1370.2;1364.5
13/10/2006;1365.6;1362.8;1366.6;1360.5
12/10/2006;1362.8;1349.9;1363.8;1349.9
11/10/2006;1350;1353.3;1354;1343.6
10/10/2006;1353.4;1350.6;1354.2;1348.6
9/10/2006;1350.7;1349.6;1352.7;1346.5
6/10/2006;1349.6;1353.2;1353.2;1344.2
5/10/2006;1353.2;1349.8;1353.8;1347.8
4/10/2006;1350.2;1333.8;1350.2;1331.5
3/10/2006;1334.1;1331.3;1338.3;1327.1
2/10/2006;1331.3;1335.8;1338.5;1330.3
29/9/2006;1335.8;1339.2;1339.9;1335.6
28/9/2006;1339.2;1336.6;1340.3;1333.8
27/9/2006;1336.6;1336.1;1340.1;1333.5
26/9/2006;1336.3;1326.3;1336.6;1325.3
25/9/2006;1326.4;1314.8;1329.3;1311.6
22/9/2006;1314.8;1318;1318;1310.9
21/9/2006;1318;1324.9;1328.2;1315.5
20/9/2006;1325.2;1318.3;1328.5;1318.3
19/9/2006;1318.3;1321.2;1322;1312.2
18/9/2006;1321.2;1319.8;1324.9;1318.2
15/9/2006;1319.9;1316.3;1324.7;1316.3
14/9/2006;1316.3;1318;1318;1313.2
13/9/2006;1318.1;1312.7;1319.9;1311.1
12/9/2006;1313.1;1299.5;1314.3;1299.5
11/9/2006;1299.5;1298.9;1302.4;1290.9
8/9/2006;1298.9;1294;1300.1;1294
7/9/2006;1294;1300.2;1301.2;1292.1
6/9/2006;1300.3;1313;1313;1299.3
5/9/2006;1313.2;1310.9;1314.7;1308.8
1/9/2006;1311;1303.8;1312;1303.8
31/8/2006;1303.8;1304.2;1306.1;1302.5
30/8/2006;1304.3;1303.7;1306.7;1302.2
29/8/2006;1304.3;1301.6;1305;1295.3
28/8/2006;1301.8;1295.1;1305;1294
25/8/2006;1295.1;1295.9;1298.9;1292.4
24/8/2006;1296.1;1293;1297.2;1291.4
23/8/2006;1293;1298.7;1301.5;1289.5
22/8/2006;1298.8;1297.5;1302.5;1294.4
21/8/2006;1297.5;1302.3;1302.3;1295.5
18/8/2006;1302.3;1297.5;1302.3;1293.6
17/8/2006;1297.5;1295.4;1300.8;1292.7
16/8/2006;1295.4;1285.3;1296.2;1285.3
15/8/2006;1285.6;1268.2;1286.2;1268.2
14/8/2006;1268.2;1266.7;1278.9;1266.7
11/8/2006;1266.7;1271.6;1271.6;1262.1
10/8/2006;1271.8;1265.7;1272.5;1261.3
9/8/2006;1266;1271.1;1283.7;1264.7
8/8/2006;1271.5;1275.7;1282.8;1268.4
7/8/2006;1275.8;1279.3;1279.3;1273
4/8/2006;1279.4;1280.3;1292.9;1273.8
3/8/2006;1280.3;1278.2;1284;1271.2
2/8/2006;1278.5;1270.7;1283.4;1270.7
1/8/2006;1270.9;1278.5;1278.7;1265.7
31/7/2006;1276.7;1278.5;1278.7;1274.3
28/7/2006;1278.5;1263.2;1280.4;1263.2
27/7/2006;1263.2;1268.2;1275.8;1261.9
26/7/2006;1268.4;1268.9;1273.9;1261.9
25/7/2006;1268.9;1260.9;1272.4;1257.2
24/7/2006;1260.9;1240.2;1262.5;1240.2
21/7/2006;1240.3;1249.1;1251;1238.7
20/7/2006;1249.1;1259.8;1262.6;1249.1
19/7/2006;1259.8;1236.7;1261.8;1236.7
18/7/2006;1236.9;1234.5;1239.9;1224.5
17/7/2006;1234.5;1236.2;1240.1;1231.5
14/7/2006;1236.2;1242.3;1242.7;1228.5
13/7/2006;1242.3;1258.6;1258.6;1241.4
12/7/2006;1258.6;1272.4;1273.3;1257.3
11/7/2006;1272.5;1267.3;1273.6;1259.7
10/7/2006;1267.3;1265.5;1274.1;1264.5
7/7/2006;1265.5;1274.1;1275.4;1263.1
6/7/2006;1274.1;1270.6;1278.3;1270.6
5/7/2006;1270.9;1280;1280;1265.9
3/7/2006;1280.2;1270.1;1280.4;1270.1
30/6/2006;1270.2;1272.9;1276.3;1270.2
29/6/2006;1272.9;1245.9;1272.9;1245.9
28/6/2006;1246;1239;1247.1;1237.6
27/6/2006;1239.2;1250.5;1253.4;1238.9
26/6/2006;1250.6;1244.5;1250.9;1243.7
23/6/2006;1244.5;1245.6;1253.1;1241.4
22/6/2006;1245.6;1251.9;1251.9;1241.5
21/6/2006;1252.2;1240.1;1258;1240.1
20/6/2006;1240.1;1240.1;1249;1238.9
19/6/2006;1240.1;1251.5;1255.9;1237.2
16/6/2006;1251.5;1256.2;1256.3;1246.3
15/6/2006;1256.2;1230;1258.6;1230
14/6/2006;1230;1223.7;1231.5;1219.3
13/6/2006;1223.7;1236.1;1243.4;1222.5
12/6/2006;1236.4;1252.3;1255.2;1236.2
9/6/2006;1252.3;1257.9;1262.6;1250
8/6/2006;1257.9;1256.1;1259.8;1235.2
7/6/2006;1256.2;1263.6;1272.5;1255.8
6/6/2006;1263.8;1265.2;1269.9;1254.5
5/6/2006;1265.3;1288.2;1288.2;1264.7
2/6/2006;1288.2;1285.7;1290.7;1280.2
1/6/2006;1285.7;1270;1285.7;1269.2
31/5/2006;1270.1;1259.4;1270.1;1259.4
30/5/2006;1259.8;1280;1280;1259.8
26/5/2006;1280.2;1272.7;1280.5;1272.5
25/5/2006;1272.9;1258.4;1273.3;1258.4
24/5/2006;1258.6;1256.6;1264.5;1245.3
23/5/2006;1256.6;1262.1;1273.7;1256.2
22/5/2006;1262.1;1267;1268.8;1253
19/5/2006;1267;1261.8;1272.2;1256.3
18/5/2006;1261.8;1270.2;1274.9;1261.8
17/5/2006;1270.3;1291.7;1291.7;1267.3
16/5/2006;1292.1;1294.5;1297.9;1288.5
15/5/2006;1294.5;1291.2;1294.8;1284.5
12/5/2006;1291.2;1305.9;1305.9;1290.4
11/5/2006;1305.9;1322.6;1322.6;1303.5
10/5/2006;1322.8;1324.6;1325.5;1317.4
9/5/2006;1325.1;1324.7;1326.6;1322.5
8/5/2006;1324.7;1325.8;1326.7;1322.9
5/5/2006;1325.8;1312.2;1326.5;1312.2
4/5/2006;1312.2;1307.8;1315.1;1307.8
3/5/2006;1307.8;1313.2;1313.5;1303.9
2/5/2006;1313.2;1305.2;1313.7;1305.2
1/5/2006;1305.2;1310.6;1317.2;1303.5
28/4/2006;1310.6;1309.7;1316;1306.2
27/4/2006;1309.7;1305.4;1315;1295.6
26/4/2006;1305.4;1301.7;1311;1301.7
25/4/2006;1301.7;1308.1;1310.8;1299.2
24/4/2006;1308.1;1311.3;1311.3;1303.8
21/4/2006;1311.3;1311.5;1317.7;1306.6
20/4/2006;1311.5;1309.9;1318.2;1306.4
19/4/2006;1309.9;1307.7;1310.4;1302.8
18/4/2006;1307.7;1285.3;1309;1285.3
17/4/2006;1285.3;1289.1;1292.5;1280.7
13/4/2006;1289.1;1288.1;1292.1;1283.4
12/4/2006;1288.1;1286.6;1290.9;1286.5
11/4/2006;1286.6;1296.6;1300.7;1283
10/4/2006;1296.6;1295.5;1300.7;1293.2
7/4/2006;1295.5;1309;1314.1;1294.2
6/4/2006;1309;1311.6;1312;1302.4
5/4/2006;1311.6;1305.9;1312.8;1304.8
4/4/2006;1305.9;1297.8;1307.5;1294.7
3/4/2006;1297.8;1302.9;1309.2;1296.7
31/3/2006;1294.8;1300.2;1303;1294.8
30/3/2006;1300.2;1302.9;1310.2;1296.7
29/3/2006;1302.9;1293.2;1305.6;1293.2
28/3/2006;1293.2;1301.6;1306.2;1291.8
27/3/2006;1301.6;1303;1303.7;1299.1
24/3/2006;1303;1301.7;1306.5;1298.9
23/3/2006;1301.7;1305;1305;1298.1
22/3/2006;1305;1297.2;1306;1295.8
21/3/2006;1297.2;1305.1;1310.9;1295.8
20/3/2006;1305.1;1307.2;1310;1303.6
17/3/2006;1307.2;1305.3;1309.8;1305.3
16/3/2006;1305.3;1303;1310.5;1303
15/3/2006;1303;1297.5;1304.4;1295
14/3/2006;1297.5;1284.1;1298.1;1282.7
13/3/2006;1284.1;1281.6;1287.4;1281.6
10/3/2006;1281.6;1272.2;1284.4;1271.1
9/3/2006;1272.2;1278.5;1282.7;1272.2
8/3/2006;1278.5;1275.9;1280.3;1268.4
7/3/2006;1275.9;1278.3;1278.3;1271.1
6/3/2006;1278.3;1287.2;1288.2;1275.7
3/3/2006;1287.2;1289.1;1297.3;1284.2
2/3/2006;1289.1;1291.2;1291.2;1283.2
1/3/2006;1291.2;1280.7;1291.8;1280.7
28/2/2006;1280.7;1294.1;1294.1;1278.7
27/2/2006;1294.1;1289.4;1297.6;1289.4
24/2/2006;1289.4;1287.8;1292.1;1285.6
23/2/2006;1287.8;1292.7;1293.8;1285.1
22/2/2006;1292.7;1283;1294.2;1283
21/2/2006;1283;1287.2;1291.9;1281.3
17/2/2006;1287.2;1289.4;1289.5;1284.1
16/2/2006;1289.4;1280;1289.4;1280
15/2/2006;1280;1275.5;1281;1271.1
14/2/2006;1275.5;1262.9;1278.2;1260.8
13/2/2006;1262.9;1267;1267;1258.3
10/2/2006;1267;1263.8;1269.9;1255
9/2/2006;1263.8;1265.7;1274.6;1262.8
8/2/2006;1265.7;1254.8;1266.5;1254.8
7/2/2006;1254.8;1265;1265.8;1253.6
6/2/2006;1265;1264;1267;1261.6
3/2/2006;1264;1270.8;1270.9;1261
2/2/2006;1270.8;1282.5;1282.5;1267.7
1/2/2006;1282.5;1280.1;1283.3;1277.6
31/1/2006;1280.1;1285.2;1285.2;1276.8
30/1/2006;1285.2;1283.7;1287.9;1283.5
27/1/2006;1283.7;1273.8;1286.4;1273.8
26/1/2006;1273.8;1264.7;1276.4;1264.7
25/1/2006;1264.7;1266.9;1271.9;1259.4
24/1/2006;1266.9;1263.8;1271.5;1263.8
23/1/2006;1263.8;1261.5;1268.2;1261.5
20/1/2006;1261.5;1285;1285;1260.9
19/1/2006;1285;1277.9;1287.8;1277.9
18/1/2006;1277.9;1282.9;1282.9;1272.1
17/1/2006;1282.9;1287.6;1287.6;1278.6
13/1/2006;1287.6;1286.1;1289;1282.8
12/1/2006;1286.1;1294.2;1294.2;1285
11/1/2006;1294.2;1289.7;1294.9;1288.1
10/1/2006;1289.7;1290.2;1290.2;1283.8
9/1/2006;1290.2;1285.5;1290.8;1284.8
6/1/2006;1285.5;1273.5;1286.1;1273.5
5/1/2006;1273.5;1273.5;1276.9;1270.3
4/1/2006;1273.5;1268.8;1275.4;1267.7
3/1/2006;1268.8;1248.3;1270.2;1245.7
30/12/2005;1248.3;1254.4;1254.4;1246.6
29/12/2005;1254.4;1258.2;1260.6;1254.2
28/12/2005;1258.2;1256.5;1261.1;1256.5
27/12/2005;1256.5;1268.7;1271.8;1256.5
23/12/2005;1268.7;1268.1;1269.8;1265.9
22/12/2005;1268.1;1262.8;1268.2;1262.5
21/12/2005;1262.8;1259.6;1269.4;1259.6
20/12/2005;1259.6;1259.9;1263.9;1257.2
19/12/2005;1259.9;1267.3;1270.5;1259.3
16/12/2005;1267.3;1270.9;1275.2;1267.3
15/12/2005;1270.9;1272.7;1275.2;1267.7
14/12/2005;1272.7;1267.4;1275.8;1267.1
13/12/2005;1267.4;1260.4;1272.1;1258.6
12/12/2005;1260.4;1259.4;1263.9;1255.5
9/12/2005;1259.4;1255.8;1263.1;1254.2
8/12/2005;1255.8;1257.4;1263.4;1250.9
7/12/2005;1257.4;1263.7;1264.8;1253
6/12/2005;1263.7;1262.1;1272.9;1262.1
5/12/2005;1262.1;1265.1;1265.1;1258.1
2/12/2005;1265.1;1264.7;1266.8;1261.4
1/12/2005;1264.7;1249.5;1266.2;1249.5
30/11/2005;1249.5;1257.5;1260.9;1249.4
29/11/2005;1257.5;1257.5;1266.2;1257.5
28/11/2005;1257.5;1268.2;1268.4;1257.2
25/11/2005;1268.2;1265.6;1268.8;1265.5
23/11/2005;1265.6;1261.2;1270.6;1259.5
22/11/2005;1261.2;1254.8;1261.9;1251.4
21/11/2005;1254.8;1248.3;1255.9;1246.9
18/11/2005;1248.3;1242.8;1249.6;1240.7
17/11/2005;1242.8;1231.2;1243;1231.2
16/11/2005;1231.2;1229;1232.2;1227.2
15/11/2005;1229;1233.8;1237.9;1226.4
14/11/2005;1233.8;1234.7;1237.2;1231.8
11/11/2005;1234.7;1231;1235.7;1230.7
10/11/2005;1231;1220.7;1232.4;1215
9/11/2005;1220.7;1218.6;1226.6;1216.5
8/11/2005;1218.6;1222.8;1222.8;1216.1
7/11/2005;1222.8;1220.1;1224.2;1217.3
4/11/2005;1220.1;1219.9;1222.5;1214.5
3/11/2005;1219.9;1214.8;1224.7;1214.8
2/11/2005;1214.8;1202.8;1215.2;1201.1
1/11/2005;1202.8;1207;1207.3;1201.7
31/10/2005;1207;1198.4;1211.4;1198.4
28/10/2005;1198.4;1178.9;1198.4;1178.9
27/10/2005;1178.9;1191.4;1192.7;1178.9
26/10/2005;1191.4;1196.5;1204;1191.4
25/10/2005;1196.5;1199.4;1201.3;1189.3
24/10/2005;1199.4;1179.6;1199.4;1179.6
21/10/2005;1179.6;1177.8;1186.5;1174.9
20/10/2005;1177.8;1195.8;1197.3;1173.3
19/10/2005;1195.8;1178.1;1195.8;1170.5
18/10/2005;1178.1;1190.1;1190.1;1178.1
17/10/2005;1190.1;1186.6;1191.2;1184.5
14/10/2005;1186.6;1176.8;1187.1;1175.4
13/10/2005;1176.8;1177.7;1179.6;1168.2
12/10/2005;1177.7;1184.9;1190;1173.7
11/10/2005;1184.9;1187.3;1193.1;1183.2
10/10/2005;1187.3;1195.9;1196.5;1186.1
7/10/2005;1195.9;1191.5;1199.7;1191.5
6/10/2005;1191.5;1196.4;1202.1;1181.9
5/10/2005;1196.4;1214.5;1214.5;1196.2
4/10/2005;1214.5;1226.7;1229.9;1214
3/10/2005;1226.7;1228.8;1233.3;1225.2
30/9/2005;1228.8;1227.7;1229.6;1225.2
29/9/2005;1227.7;1216.9;1228.7;1211.5
28/9/2005;1216.9;1215.7;1221;1212.7
27/9/2005;1215.7;1215.6;1220.2;1211.1
26/9/2005;1215.6;1215.3;1222.6;1211.8
23/9/2005;1215.3;1214.6;1218.8;1209.8
22/9/2005;1214.6;1210.2;1216.6;1205.3
21/9/2005;1210.2;1221.3;1221.5;1209.9
20/9/2005;1221.3;1231;1236.5;1220.1
19/9/2005;1231;1237.9;1237.9;1227.7
16/9/2005;1237.9;1228.4;1238;1228.4
15/9/2005;1227.7;1227.2;1231.9;1224.8
14/9/2005;1227.2;1231.2;1234.7;1226.2
13/9/2005;1231.2;1240.6;1240.6;1231.2
12/9/2005;1240.6;1241.5;1242.6;1239.2
9/9/2005;1241.5;1231.7;1243.1;1231.7
8/9/2005;1231.7;1236.4;1236.4;1229.5
7/9/2005;1236.4;1233.4;1237.1;1230.9
6/9/2005;1233.4;1218;1233.6;1218
2/9/2005;1218;1221.6;1224.5;1217.8
1/9/2005;1221.6;1220.3;1227.3;1216.2
31/8/2005;1220.3;1208.4;1220.4;1204.4
30/8/2005;1208.4;1212.3;1212.3;1201.1
29/8/2005;1212.3;1205.1;1214.3;1201.5
26/8/2005;1205.1;1212.4;1212.4;1204.2
25/8/2005;1212.4;1209.6;1213.7;1209.6
24/8/2005;1209.6;1217.6;1224.2;1209.4
23/8/2005;1217.6;1221.7;1223;1214.4
22/8/2005;1221.7;1219.7;1229;1216.5
19/8/2005;1219.7;1219;1225.1;1219
18/8/2005;1219;1220.2;1222.6;1215.9
17/8/2005;1220.2;1219.3;1225.6;1218.1
16/8/2005;1219.3;1233.9;1233.9;1219
15/8/2005;1233.9;1230.4;1236.2;1226.2
12/8/2005;1230.4;1237.8;1237.8;1225.9
11/8/2005;1237.8;1229.1;1237.8;1228.3
10/8/2005;1229.1;1231.4;1242.7;1226.6
9/8/2005;1231.4;1223.1;1234.1;1223.1
8/8/2005;1223.1;1226.4;1232.3;1222.7
5/8/2005;1226.4;1235.9;1235.9;1225.6
4/8/2005;1235.9;1245;1245;1235.2
3/8/2005;1245;1244.1;1245.9;1240.6
2/8/2005;1244.1;1235.3;1244.7;1235.3
1/8/2005;1235.3;1234.2;1239.1;1233.8
29/7/2005;1234.2;1243.7;1245;1234.2
28/7/2005;1243.7;1236.8;1245.2;1235.8
27/7/2005;1236.8;1231.2;1237.6;1230.2
26/7/2005;1231.2;1229;1234.4;1229
25/7/2005;1229;1233.7;1238.4;1228.2
22/7/2005;1233.7;1227;1234.2;1226.2
21/7/2005;1227;1235.2;1235.8;1224.7
20/7/2005;1235.2;1229.3;1236.6;1222.9
19/7/2005;1229.3;1221.1;1230.3;1221.1
18/7/2005;1221.1;1227.9;1227.9;1221.1
15/7/2005;1227.9;1226.5;1229.5;1223.5
14/7/2005;1226.5;1223.3;1233.2;1223.3
13/7/2005;1223.3;1222.2;1224.5;1219.6
12/7/2005;1222.2;1219.4;1225.5;1216.6
11/7/2005;1219.4;1211.9;1220;1211.9
8/7/2005;1211.9;1197.9;1212.7;1197.2
7/7/2005;1197.9;1194.9;1198.5;1183.5
6/7/2005;1194.9;1205;1206.1;1194.8
5/7/2005;1205;1194.4;1206.3;1192.5
1/7/2005;1194.4;1191.3;1197.9;1191.3
30/6/2005;1191.3;1199.8;1203.3;1190.5
29/6/2005;1199.8;1201.6;1204.1;1198.7
28/6/2005;1201.6;1190.7;1202.5;1190.7
27/6/2005;1190.7;1191.6;1194.3;1188.3
24/6/2005;1191.6;1200.7;1200.9;1191.5
23/6/2005;1200.7;1213.9;1216.5;1200.7
22/6/2005;1213.9;1213.6;1219.6;1211.7
21/6/2005;1213.6;1216.1;1217.1;1211.9
20/6/2005;1216.1;1217;1219.1;1210.7
17/6/2005;1217;1210.9;1219.5;1210.9
16/6/2005;1211;1206.5;1212.1;1205.5
15/6/2005;1206.6;1203.9;1208.1;1198.7
14/6/2005;1203.9;1200.8;1207.5;1200.2
13/6/2005;1200.8;1198.1;1206;1194.5
10/6/2005;1198.1;1200.9;1202.8;1192.6
9/6/2005;1200.9;1194.7;1201.9;1191.1
8/6/2005;1194.7;1197.3;1202;1193.3
7/6/2005;1197.3;1197.5;1208.8;1197.3
6/6/2005;1197.5;1196;1198.8;1192.8
3/6/2005;1196;1204.3;1205.1;1194.5
2/6/2005;1204.3;1202.3;1204.7;1198.4
1/6/2005;1202.3;1191.5;1205.6;1191
31/5/2005;1191.5;1198.8;1198.8;1191.5
27/5/2005;1198.8;1197.6;1199.6;1195.3
26/5/2005;1197.6;1190;1199;1190
25/5/2005;1190;1194.1;1194.1;1186
24/5/2005;1194.1;1193.9;1195.3;1189.9
23/5/2005;1193.9;1189.3;1197.4;1188.8
20/5/2005;1189.3;1191.1;1191.2;1185.2
19/5/2005;1191.1;1185.6;1191.1;1184.5
18/5/2005;1185.6;1173.8;1187.9;1173.8
17/5/2005;1173.8;1165.7;1174.3;1159.9
16/5/2005;1165.7;1154;1165.8;1153.6
13/5/2005;1154;1159.4;1163.8;1146.2
12/5/2005;1159.4;1171.1;1173.4;1157.8
11/5/2005;1171.1;1166.2;1171.8;1157.7
10/5/2005;1166.2;1178.8;1178.8;1163
9/5/2005;1178.8;1171.3;1178.9;1169.4
6/5/2005;1171.3;1172.6;1177.8;1170.5
5/5/2005;1172.6;1175.7;1178.6;1166.8
4/5/2005;1175.7;1161.2;1176;1161.2
3/5/2005;1161.2;1162.2;1166.9;1156.7
2/5/2005;1162.2;1156.8;1162.9;1154.7
29/4/2005;1156.8;1143.2;1157;1139.2
28/4/2005;1143.2;1156.4;1156.4;1143.2
27/4/2005;1156.4;1151.7;1159.9;1144.4
26/4/2005;1151.7;1162.1;1164.8;1151.7
25/4/2005;1162.1;1152.1;1164;1152.1
22/4/2005;1152.1;1160;1160;1143
21/4/2005;1160;1137.5;1160;1137.5
20/4/2005;1137.5;1152.8;1155.5;1136.2
19/4/2005;1152.8;1146;1154.7;1146
18/4/2005;1146;1142.6;1148.9;1139.8
15/4/2005;1142.6;1162;1162;1141.9
14/4/2005;1162;1173.8;1174.7;1161.7
13/4/2005;1173.8;1187.8;1187.8;1171.4
12/4/2005;1187.8;1181.2;1190.2;1170.8
11/4/2005;1181.2;1181.2;1184.1;1178.7
8/4/2005;1181.2;1191.1;1191.8;1181.1
7/4/2005;1191.1;1184.1;1191.9;1183.8
6/4/2005;1184.1;1181.4;1189.3;1181.4
5/4/2005;1181.4;1176.1;1183.6;1176.1
4/4/2005;1176.1;1172.8;1178.6;1167.7
1/4/2005;1172.9;1180.6;1189.8;1169.9
31/3/2005;1180.6;1181.4;1184.5;1179.5
30/3/2005;1181.4;1165.4;1181.5;1165.4
29/3/2005;1165.4;1174.3;1179.4;1163.7
28/3/2005;1174.3;1171.4;1179.9;1171.4
24/3/2005;1171.4;1172.5;1180.1;1171.4
23/3/2005;1172.5;1171.7;1176.3;1168.7
22/3/2005;1171.7;1183.8;1189.6;1171.6
21/3/2005;1183.8;1189.7;1189.7;1178.8
18/3/2005;1189.7;1190.2;1192;1182.8
17/3/2005;1190.2;1188.1;1193.3;1186.3
16/3/2005;1188.1;1197.8;1197.8;1185.6
15/3/2005;1197.8;1206.8;1210.5;1197.8
14/3/2005;1206.8;1200.1;1206.8;1199.5
11/3/2005;1200.1;1209.2;1213;1198.2
10/3/2005;1209.2;1207;1211.2;1201.4
9/3/2005;1207;1219.4;1219.4;1206.7
8/3/2005;1219.4;1225.3;1225.7;1218.6
7/3/2005;1225.3;1222.1;1229.1;1222.1
4/3/2005;1222.1;1210.5;1224.8;1210.5
3/3/2005;1210.5;1210.1;1215.7;1204.5
2/3/2005;1210.1;1210.4;1215.8;1204.2
1/3/2005;1210.4;1203.6;1212.2;1203.6
28/2/2005;1203.6;1211.4;1211.4;1198.1
25/2/2005;1211.4;1200.2;1212.2;1199.6
24/2/2005;1200.2;1190.8;1200.4;1187.8
23/2/2005;1190.8;1184.2;1193.5;1184.2
22/2/2005;1184.2;1201.6;1202.5;1184.2
18/2/2005;1201.6;1200.8;1202.9;1197.3
17/2/2005;1200.8;1210.3;1211.3;1200.7
16/2/2005;1210.3;1210.1;1212.4;1205.1
15/2/2005;1210.1;1206.1;1212.4;1205.5
14/2/2005;1206.1;1205.3;1206.9;1203.6
11/2/2005;1205.3;1197;1208.4;1193.3
10/2/2005;1197;1192;1198.8;1191.5
9/2/2005;1192;1202.3;1203.8;1191.5
8/2/2005;1202.3;1201.7;1205.1;1200.2
7/2/2005;1201.7;1203;1204.2;1199.3
4/2/2005;1203;1189.9;1203.5;1189.7
3/2/2005;1189.9;1193.2;1193.2;1185.6
2/2/2005;1193.2;1189.4;1195.2;1188.9
1/2/2005;1189.4;1181.3;1190.4;1181
31/1/2005;1181.3;1171.4;1182.1;1171.4
28/1/2005;1171.4;1174.5;1175.6;1166.3
27/1/2005;1174.5;1174.1;1177.5;1170.2
26/1/2005;1174.1;1168.4;1176;1168.4
25/1/2005;1168.4;1163.8;1174.3;1163.8
24/1/2005;1163.8;1167.9;1173.2;1163.8
21/1/2005;1167.9;1175.4;1179.5;1167.8
20/1/2005;1175.4;1184.6;1184.6;1173.4
19/1/2005;1184.6;1196;1196;1184.4
18/1/2005;1196;1184.5;1196;1180.1
14/1/2005;1184.5;1177.5;1185.2;1177.5
13/1/2005;1177.5;1187.7;1187.7;1175.6
12/1/2005;1187.7;1183;1188;1175.6
11/1/2005;1183;1190.2;1190.2;1180.4
10/1/2005;1190.2;1186.2;1194.8;1184.8
7/1/2005;1186.2;1187.9;1192.2;1182.1
6/1/2005;1187.9;1183.7;1191.6;1183.2
5/1/2005;1183.7;1188;1192.8;1183.7
4/1/2005;1188;1202.1;1205.8;1185.4
3/1/2005;1202.1;1211.9;1217.9;1200.3
31/12/2004;1211.9;1213.5;1217.3;1211.7
30/12/2004;1213.5;1213.5;1216.5;1213.4
29/12/2004;1213.5;1213.5;1214;1211
28/12/2004;1213.5;1204.9;1213.5;1204.9
27/12/2004;1204.9;1210.1;1214.2;1204.9
23/12/2004;1210.1;1209.6;1213.7;1208.7
22/12/2004;1209.6;1205.5;1211.4;1203.8
21/12/2004;1205.5;1194.7;1205.9;1194.7
20/12/2004;1194.7;1194.2;1203.6;1193.4
17/12/2004;1194.2;1203.2;1203.2;1193.4
16/12/2004;1203.2;1205.7;1208;1198.4
15/12/2004;1205.7;1203.4;1206.6;1199.4
14/12/2004;1203.4;1198.7;1205.3;1197.8
13/12/2004;1198.7;1188;1198.8;1188
10/12/2004;1188;1189.2;1191.5;1185.2
9/12/2004;1189.2;1182.8;1190.5;1173.8
8/12/2004;1182.8;1177.1;1184;1176.8
7/12/2004;1177.1;1190.2;1192.2;1177.1
6/12/2004;1190.2;1191.2;1192.4;1185.2
3/12/2004;1191.2;1190.3;1197.5;1187.7
2/12/2004;1190.3;1191.4;1194.8;1186.7
1/12/2004;1191.4;1173.8;1191.4;1173.8
30/11/2004;1173.8;1178.6;1178.7;1173.8
29/11/2004;1178.6;1182.7;1186.9;1172.4
26/11/2004;1182.7;1181.8;1186.6;1181.1
24/11/2004;1181.8;1176.9;1182.5;1176.9
23/11/2004;1176.9;1177.2;1179.5;1171.4
22/11/2004;1177.2;1170.3;1178.2;1167.9
19/11/2004;1170.3;1183.5;1184;1169.2
18/11/2004;1183.5;1181.9;1184.9;1180.1
17/11/2004;1181.9;1175.4;1188.5;1175.4
16/11/2004;1175.4;1183.8;1183.8;1175.3
15/11/2004;1183.8;1184.2;1184.5;1179.8
12/11/2004;1184.2;1173.5;1184.2;1171.4
11/11/2004;1173.5;1162.9;1174.8;1162.9
10/11/2004;1162.9;1164.1;1169.3;1162.5
9/11/2004;1164.1;1164.9;1169;1162.5
8/11/2004;1164.9;1166.2;1166.9;1162.3
5/11/2004;1166.2;1161.7;1170.9;1160.4
4/11/2004;1161.7;1143.2;1161.7;1142.3
3/11/2004;1143.2;1130.5;1147.6;1130.5
2/11/2004;1130.5;1130.5;1140.5;1128.1
1/11/2004;1130.5;1130.2;1133.4;1127.5
29/10/2004;1130.2;1127.4;1131.4;1124.6
28/10/2004;1127.4;1125.3;1130.7;1120.6
27/10/2004;1125.4;1111.1;1126.3;1107.4
26/10/2004;1111.1;1094.8;1111.1;1094.8
25/10/2004;1094.8;1095.7;1096.8;1090.2
22/10/2004;1095.7;1106.5;1108.3;1095.3
21/10/2004;1106.5;1103.7;1109;1098.5
20/10/2004;1103.7;1103.2;1104.1;1094.2
19/10/2004;1103.2;1114;1118;1103.2
18/10/2004;1114;1108.2;1114.5;1103.3
15/10/2004;1108.2;1103.3;1113.2;1102.1
14/10/2004;1103.3;1113.7;1115;1102.1
13/10/2004;1113.7;1121.8;1127;1109.6
12/10/2004;1121.8;1124.4;1124.4;1115.8
11/10/2004;1124.4;1122.1;1126.2;1122.1
8/10/2004;1122.1;1130.7;1132.9;1120.2
7/10/2004;1130.7;1142;1142;1130.5
6/10/2004;1142;1134.5;1142;1132.9
5/10/2004;1134.5;1135.2;1137.9;1132
4/10/2004;1135.2;1131.5;1140.2;1131.5
1/10/2004;1131.5;1114.6;1131.6;1114.6
30/9/2004;1114.6;1114.8;1116.3;1109.6
29/9/2004;1114.8;1110.1;1114.8;1107.4
28/9/2004;1110.1;1103.5;1111.8;1101.3
27/9/2004;1103.5;1110.1;1110.1;1103.2
24/9/2004;1110.1;1108.4;1113.8;1108.4
23/9/2004;1108.4;1113.6;1113.6;1108
22/9/2004;1113.6;1129.3;1129.3;1112.7
21/9/2004;1129.3;1122.2;1131.5;1122.2
20/9/2004;1122.2;1128.5;1128.5;1120.3
17/9/2004;1128.5;1123.5;1130.5;1123.5
16/9/2004;1123.5;1120.4;1126.1;1120.4
15/9/2004;1120.4;1128.3;1128.3;1119.7
14/9/2004;1128.3;1125.8;1129.5;1124.7
13/9/2004;1125.8;1123.9;1129.8;1123.3
10/9/2004;1123.9;1118.4;1125.3;1114.4
9/9/2004;1118.4;1116.3;1121.3;1113.6
8/9/2004;1116.3;1121.3;1123;1116.3
7/9/2004;1121.3;1113.6;1124.1;1113.6
3/9/2004;1113.6;1118.3;1120.8;1113.6
2/9/2004;1118.3;1105.9;1119.1;1105.6
1/9/2004;1105.9;1104.2;1109.2;1099.1
31/8/2004;1104.2;1099.2;1104.2;1094.7
30/8/2004;1099.2;1107.8;1107.8;1099.2
27/8/2004;1107.8;1105.1;1109.7;1104.6
26/8/2004;1105.1;1105;1106.8;1102.4
25/8/2004;1105;1096.2;1106.3;1093.2
24/8/2004;1096.2;1095.7;1100.9;1092.8
23/8/2004;1095.7;1098.3;1101.4;1094.7
20/8/2004;1098.3;1091.2;1100.3;1089.6
19/8/2004;1091.2;1095.2;1095.2;1086.3
18/8/2004;1095.2;1081.7;1095.2;1078.9
17/8/2004;1081.7;1079.3;1087;1079.3
16/8/2004;1079.3;1064.8;1080.7;1064.8
13/8/2004;1064.8;1063.2;1067.6;1060.7
12/8/2004;1063.2;1075.8;1075.8;1062.8
11/8/2004;1075.8;1079;1079;1065.9
10/8/2004;1079;1065.2;1079;1065.2
9/8/2004;1065.2;1064;1069.5;1064
6/8/2004;1064;1080.7;1080.7;1062.2
5/8/2004;1080.7;1098.6;1098.8;1080
4/8/2004;1098.6;1099.7;1102.5;1092.4
3/8/2004;1099.7;1106.6;1106.6;1099.2
2/8/2004;1106.6;1101.7;1108.6;1097.3
30/7/2004;1101.7;1100.4;1103.7;1097
29/7/2004;1100.4;1095.4;1103.7;1095.4
28/7/2004;1095.4;1094.8;1098.8;1082.2
27/7/2004;1094.8;1084.1;1096.7;1084.1
26/7/2004;1084.1;1086.2;1089.8;1078.8
23/7/2004;1086.2;1096.8;1096.8;1083.5
22/7/2004;1096.8;1093.9;1099.7;1084.2
21/7/2004;1093.9;1108.7;1116.3;1093.9
20/7/2004;1108.7;1100.9;1108.9;1099.1
19/7/2004;1100.9;1101.4;1105.5;1096.5
16/7/2004;1101.4;1106.7;1112.2;1101.1
15/7/2004;1106.7;1111.5;1114.7;1106.6
14/7/2004;1111.5;1115.1;1119.6;1107.8
13/7/2004;1115.1;1114.3;1116.3;1113
12/7/2004;1114.3;1112.8;1116.1;1106.7
9/7/2004;1112.8;1109.1;1115.6;1109.1
8/7/2004;1109.1;1118.3;1119.1;1108.7
7/7/2004;1118.3;1116.2;1122.4;1114.9
6/7/2004;1116.2;1125.4;1125.4;1113.2
2/7/2004;1125.4;1128.9;1129.2;1123.3
1/7/2004;1128.9;1140.8;1140.8;1123.1
30/6/2004;1140.8;1136.2;1144.2;1133.6
29/6/2004;1136.2;1133.3;1138.3;1131.8
28/6/2004;1133.3;1134.4;1142.6;1131.6
25/6/2004;1134.4;1140.7;1146;1134.2
24/6/2004;1140.7;1144.1;1146.3;1139.9
23/6/2004;1144.1;1134.4;1145.2;1131.7
22/6/2004;1134.4;1130.3;1135;1124.4
21/6/2004;1130.3;1135;1138;1129.6
18/6/2004;1135;1132;1139.1;1129.8
17/6/2004;1132;1133.6;1133.6;1126.9
16/6/2004;1133.6;1132;1135.3;1130.5
15/6/2004;1132;1125.3;1137.4;1125.3
14/6/2004;1125.3;1136.5;1136.5;1122.2
10/6/2004;1136.5;1131.3;1136.5;1131.3
9/6/2004;1131.3;1142.2;1142.2;1131.2
8/6/2004;1142.2;1140.4;1142.2;1135.5
7/6/2004;1140.4;1122.5;1140.5;1122.5
4/6/2004;1122.5;1116.6;1129.2;1116.6
3/6/2004;1116.6;1125;1125.3;1116.6
2/6/2004;1125;1121.2;1128.1;1118.6
1/6/2004;1121.2;1120.7;1122.7;1113.3
28/5/2004;1120.7;1121.3;1122.7;1118.1
27/5/2004;1121.3;1114.9;1124;1114.9
26/5/2004;1114.9;1113;1116.7;1109.9
25/5/2004;1113;1095.4;1113.8;1090.7
24/5/2004;1095.4;1093.6;1101.7;1091.8
21/5/2004;1093.6;1089.2;1099.7;1089.2
20/5/2004;1089.2;1088.7;1092.6;1085.4
19/5/2004;1088.7;1091.5;1105.9;1088.5
18/5/2004;1091.5;1084.1;1094.1;1084.1
17/5/2004;1084.1;1095.7;1095.7;1079.4
14/5/2004;1095.7;1096.4;1102.4;1088.2
13/5/2004;1096.4;1097.3;1102.8;1091.8
12/5/2004;1097.3;1095.5;1097.5;1076.3
11/5/2004;1095.5;1087.1;1095.7;1087.1
10/5/2004;1087.1;1098.7;1098.7;1079.6
7/5/2004;1098.7;1114;1117.3;1098.6
6/5/2004;1114;1121.5;1121.5;1106.3
5/5/2004;1121.5;1119.5;1125.1;1117.9
4/5/2004;1119.5;1117.5;1127.7;1112.9
3/5/2004;1117.5;1107.3;1118.7;1107.3
30/4/2004;1107.3;1113.9;1119.3;1107.2
29/4/2004;1113.9;1122.4;1128.8;1108
28/4/2004;1122.4;1138.1;1138.1;1121.7
27/4/2004;1138.1;1135.5;1146.8;1135.5
26/4/2004;1135.5;1140.6;1145.1;1132.9
23/4/2004;1140.6;1139.9;1141.9;1134.8
22/4/2004;1139.9;1124.1;1142.8;1121.9
21/4/2004;1124.1;1118.2;1125.7;1116
20/4/2004;1118.2;1135.8;1139.3;1118.1
19/4/2004;1135.8;1134.6;1136.2;1129.8
16/4/2004;1134.6;1128.8;1136.8;1126.8
15/4/2004;1128.8;1128.2;1134.1;1120.8
14/4/2004;1128.2;1129.4;1132.5;1122.2
13/4/2004;1129.4;1145.2;1147.8;1127.7
12/4/2004;1145.2;1139.3;1147.3;1139.3
8/4/2004;1139.3;1140.5;1149;1134.5
7/4/2004;1140.5;1148.2;1148.2;1138.4
6/4/2004;1148.2;1150.6;1150.6;1143.3
5/4/2004;1150.6;1141.8;1150.6;1141.6
2/4/2004;1141.8;1132.2;1144.8;1132.2
1/4/2004;1132.2;1126.2;1135.7;1126.2
31/3/2004;1126.2;1127;1130.8;1121.5
30/3/2004;1127;1122.5;1127.6;1119.7
29/3/2004;1122.5;1108.1;1124.4;1108.1
26/3/2004;1108.1;1109.2;1115.3;1106.1
25/3/2004;1109.2;1091.3;1110.4;1091.3
24/3/2004;1091.3;1094;1098.4;1087.1
23/3/2004;1094;1095.4;1101.5;1091.6
22/3/2004;1095.4;1109.8;1109.8;1089.5
19/3/2004;1109.8;1122.3;1122.7;1109.7
18/3/2004;1122.3;1123.8;1125.5;1113.2
17/3/2004;1123.8;1110.7;1125.8;1110.7
16/3/2004;1110.7;1104.5;1113.8;1102.6
15/3/2004;1104.5;1120.6;1120.6;1103.4
12/3/2004;1120.6;1106.8;1120.6;1106.8
11/3/2004;1106.8;1123.9;1126;1105.9
10/3/2004;1123.9;1140.6;1141.5;1122.5
9/3/2004;1140.6;1147.2;1147.3;1136.8
8/3/2004;1147.2;1156.9;1159.9;1147
5/3/2004;1156.9;1154.9;1163.2;1148.7
4/3/2004;1154.9;1151;1155;1149.8
3/3/2004;1151;1149.1;1152.4;1143.8
2/3/2004;1149.1;1156;1156.5;1147.3
1/3/2004;1156;1144.9;1157.5;1144.9
27/2/2004;1144.9;1145.8;1151.7;1141.8
26/2/2004;1144.9;1143.7;1147.2;1138.6
25/2/2004;1143.7;1139.1;1145.2;1138.7
24/2/2004;1139.1;1141;1144.5;1134.4
23/2/2004;1141;1144.1;1146.7;1137
20/2/2004;1144.1;1147.1;1149.8;1139
19/2/2004;1147.1;1151.8;1158.6;1146.8
18/2/2004;1151.8;1157;1157.4;1149.4
17/2/2004;1157;1145.8;1159;1145.8
13/2/2004;1145.8;1152.1;1156.9;1143.2
12/2/2004;1152.1;1157.8;1157.8;1151.4
11/2/2004;1157.8;1145.5;1158.9;1142.3
10/2/2004;1145.5;1139.8;1147;1138.7
9/2/2004;1139.8;1142.8;1144.5;1139.2
6/2/2004;1142.8;1128.6;1142.8;1128.4
5/2/2004;1128.6;1126.5;1131.2;1124.4
4/2/2004;1126.5;1136;1136;1124.7
3/2/2004;1136;1135.3;1137.4;1131.3
2/2/2004;1135.3;1131.1;1142.6;1127.9
30/1/2004;1131.1;1134.1;1134.2;1127.7
29/1/2004;1134.1;1128.5;1134.4;1122.4
28/1/2004;1128.5;1144;1149.1;1126.5
27/1/2004;1144;1155.4;1155.4;1144
26/1/2004;1155.4;1141.5;1155.4;1141
23/1/2004;1141.5;1143.9;1150.3;1136.8
22/1/2004;1143.9;1147.6;1150.5;1143
21/1/2004;1147.6;1138.8;1149.2;1134.6
20/1/2004;1138.8;1139.8;1142.9;1135.4
16/1/2004;1139.8;1132;1139.8;1132
15/1/2004;1132;1130.5;1137.1;1124.5
14/1/2004;1130.5;1121.2;1130.8;1121.2
13/1/2004;1121.2;1127.2;1129.1;1115.2
12/1/2004;1127.2;1121.9;1127.8;1120.9
9/1/2004;1121.9;1131.9;1131.9;1120.9
8/1/2004;1131.9;1126.3;1131.9;1124.9
7/1/2004;1126.3;1123.7;1126.3;1116.5
6/1/2004;1123.7;1122.2;1124.5;1118.4
5/1/2004;1122.2;1108.5;1122.2;1108.5
2/1/2004;1108.5;1111.9;1118.8;1105.1
31/12/2003;1111.9;1109.6;1112.6;1106.2
30/12/2003;1109.6;1109.5;1109.8;1106.4
29/12/2003;1109.5;1095.9;1109.5;1095.9
26/12/2003;1095.9;1094;1098.5;1094
24/12/2003;1094;1096;1096.4;1092.7
23/12/2003;1096;1092.9;1097;1091.7
22/12/2003;1092.9;1088.7;1092.9;1086.1
19/12/2003;1088.7;1089.2;1091.1;1084.2
18/12/2003;1089.2;1076.5;1089.5;1076.5
17/12/2003;1076.5;1075.1;1076.5;1071.1
16/12/2003;1075.1;1068;1075.9;1068
15/12/2003;1068;1074.1;1082.8;1068
12/12/2003;1074.1;1071.2;1074.8;1067.6
11/12/2003;1071.2;1059;1073.6;1059
10/12/2003;1059;1060.2;1063;1053.4
9/12/2003;1060.2;1069.3;1071.9;1059.2
8/12/2003;1069.3;1061.5;1069.6;1060.9
5/12/2003;1061.5;1069.7;1069.7;1060.1
4/12/2003;1069.7;1064.7;1070.4;1063.2
3/12/2003;1064.7;1066.6;1074.3;1064.6
2/12/2003;1066.6;1070.1;1071.2;1065.2
1/12/2003;1070.1;1058.2;1070.5;1058.2
28/11/2003;1058.2;1058.5;1060.6;1056.8
26/11/2003;1058.5;1053.9;1058.5;1048.3
25/11/2003;1053.9;1052.1;1058;1049.3
24/11/2003;1052.1;1035.3;1052.1;1035.3
21/11/2003;1035.3;1033.7;1037.6;1031.2
20/11/2003;1033.7;1042.4;1046.5;1033.4
19/11/2003;1042.4;1034.2;1044;1034.2
18/11/2003;1034.2;1043.6;1048.8;1034
17/11/2003;1043.6;1050.3;1050.3;1035.3
14/11/2003;1050.3;1058.4;1063.7;1048.1
13/11/2003;1058.4;1058.6;1059.6;1053
12/11/2003;1058.6;1046.6;1059.1;1046.6
11/11/2003;1046.6;1047.1;1048.2;1043.5
10/11/2003;1047.1;1053.2;1053.7;1045.6
7/11/2003;1053.2;1058;1062.4;1052.2
6/11/2003;1058;1051.8;1058.9;1046.9
5/11/2003;1051.8;1053.2;1054.5;1044.9
4/11/2003;1053.2;1059;1059;1051.7
3/11/2003;1059;1050.7;1061.4;1050.7
31/10/2003;1050.7;1046.9;1053.1;1046.9
30/10/2003;1046.9;1048.1;1052.8;1043.8
29/10/2003;1048.1;1046.8;1049.8;1043.3
28/10/2003;1046.8;1031.1;1046.8;1031.1
27/10/2003;1031.1;1028.9;1037.8;1028.9
24/10/2003;1028.9;1033.8;1033.8;1018.3
23/10/2003;1033.8;1030.4;1035.4;1025.9
22/10/2003;1030.4;1046;1046;1028.4
21/10/2003;1046;1044.7;1048.6;1042.5
20/10/2003;1044.7;1039.3;1044.7;1036.1
17/10/2003;1039.3;1050.1;1051.9;1036.6
16/10/2003;1050.1;1046.8;1052.9;1044
15/10/2003;1046.8;1049.5;1053.8;1043.2
14/10/2003;1049.5;1045.3;1049.5;1040.8
13/10/2003;1045.3;1038.1;1048.9;1038.1
10/10/2003;1038.1;1038.7;1040.8;1035.7
9/10/2003;1038.7;1033.8;1048.3;1033.8
8/10/2003;1033.8;1039.2;1040.1;1031
7/10/2003;1039.2;1034.3;1039.2;1026.2
6/10/2003;1034.3;1029.8;1036.5;1029.2
3/10/2003;1029.8;1020.2;1039.3;1020.2
2/10/2003;1020.2;1018.2;1021.9;1013.4
1/10/2003;1018.2;996;1018.2;996
30/9/2003;996;1006.6;1006.6;990.4
29/9/2003;1006.6;996.9;1006.9;995.3
26/9/2003;996.9;1003.3;1003.5;996.1
25/9/2003;1003.3;1009.4;1016;1003.3
24/9/2003;1009.4;1029;1029.8;1008.9
23/9/2003;1029;1022.8;1030.1;1021.5
22/9/2003;1022.8;1036.3;1036.3;1018.3
19/9/2003;1036.3;1039.6;1040.3;1031.9
18/9/2003;1039.6;1026;1040.2;1025.8
17/9/2003;1026;1029.3;1031.3;1024.5
16/9/2003;1029.3;1014.8;1029.7;1014.8
15/9/2003;1014.8;1018.6;1019.8;1013.6
12/9/2003;1018.6;1016.4;1019.6;1007.7
11/9/2003;1016.4;1010.9;1020.9;1010.9
10/9/2003;1010.9;1023.2;1023.2;1009.7
9/9/2003;1023.2;1031.6;1031.6;1021.1
8/9/2003;1031.6;1021.4;1032.4;1021.4
5/9/2003;1021.4;1028;1029.2;1018.2
4/9/2003;1028;1026.3;1029.2;1022.2
3/9/2003;1026.3;1022;1029.3;1022
2/9/2003;1022;1008;1022.6;1005.7
29/8/2003;1008;1002.8;1008.9;999.5
28/8/2003;1002.8;996.8;1004.1;991.4
27/8/2003;996.8;996.7;998;993.3
26/8/2003;996.7;993.7;997.9;983.6
25/8/2003;993.7;993.1;993.7;987.9
22/8/2003;993.1;1003.3;1011;992.6
21/8/2003;1003.3;1000.3;1009.5;999.3
20/8/2003;1000.3;1002.4;1003.5;996.6
19/8/2003;1002.4;999.7;1003.3;995.3
18/8/2003;999.7;990.7;1000.4;990.7
15/8/2003;990.7;988;992.4;987.1
14/8/2003;990.5;984;991.9;980.4
13/8/2003;984;990.4;992.5;980.9
12/8/2003;990.4;980.6;990.4;979.9
11/8/2003;980.6;977.6;985.5;974.2
8/8/2003;977.6;974.1;980.6;973.8
7/8/2003;974.1;967.1;974.9;963.8
6/8/2003;967.1;965.5;975.7;960.8
5/8/2003;965.5;982.8;982.8;965
4/8/2003;982.8;980.1;985.8;966.8
1/8/2003;980.1;990.3;990.3;978.9
31/7/2003;990.3;987.5;1004.6;987.5
30/7/2003;987.5;989.3;992.6;986
29/7/2003;989.3;996.5;998.6;984.1
28/7/2003;996.5;998.7;1000.7;993.6
25/7/2003;998.7;981.6;998.7;977.4
24/7/2003;981.6;988.6;998.9;981.1
23/7/2003;988.6;988.1;989.9;979.8
22/7/2003;988.1;978.8;990.3;976.1
21/7/2003;978.8;993.3;993.3;975.6
18/7/2003;993.3;981.7;994.2;981.7
17/7/2003;981.7;994;994;978.6
16/7/2003;994;1000.4;1003.5;989.3
15/7/2003;1000.4;1003.9;1009.6;996.7
14/7/2003;1003.9;998.1;1015.4;998.1
11/7/2003;998.1;988.7;1000.9;988.7
10/7/2003;988.7;1002.2;1002.2;983.6
9/7/2003;1002.2;1007.8;1010.4;998.2
8/7/2003;1007.8;1004.4;1008.9;998.7
7/7/2003;1004.4;985.7;1005.6;985.7
3/7/2003;985.7;993.8;995;983.3
2/7/2003;993.8;982.3;993.8;982.3
1/7/2003;982.3;974.5;983.3;962.1
30/6/2003;974.5;976.2;983.6;973.6
27/6/2003;976.2;985.8;988.9;974.3
26/6/2003;985.8;975.3;986.5;973.8
25/6/2003;975.3;983.5;991.6;974.9
24/6/2003;983.5;981.6;987.8;979.1
23/6/2003;981.6;995.7;995.7;977.4
20/6/2003;995.7;994.7;1002.1;993.4
19/6/2003;994.7;1010.1;1011.2;993.1
18/6/2003;1010.1;1011.7;1015.1;1004.6
17/6/2003;1011.7;1010.7;1015.3;1007
16/6/2003;1010.7;988.6;1010.9;988.6
13/6/2003;988.6;998.5;1000.9;984.3
12/6/2003;998.5;997.5;1002.7;991.3
11/6/2003;997.5;984.8;997.5;981.6
10/6/2003;984.8;975.9;984.8;975.9
9/6/2003;975.9;987.8;987.8;972.6
6/6/2003;987.8;990.1;1007.7;986
5/6/2003;990.1;986.2;990.1;978.1
4/6/2003;986.2;971.6;987.9;970.7
3/6/2003;971.6;967;973;964.5
2/6/2003;967;963.6;979.1;963.6
30/5/2003;963.6;949.6;965.4;949.6
29/5/2003;949.6;953.2;962.1;946.2
28/5/2003;953.2;951.5;959.4;950.1
27/5/2003;951.5;933.2;952.8;927.3
23/5/2003;933.2;931.9;935.2;927.4
22/5/2003;931.9;923.4;935.3;922.5
21/5/2003;923.4;919.7;923.9;914.9
20/5/2003;919.7;920.8;925.3;912
19/5/2003;920.8;944.3;944.3;920.2
16/5/2003;944.3;943.6;948.6;938.6
15/5/2003;946.7;939.3;948.2;938.8
14/5/2003;939.3;942.3;947.3;935.2
13/5/2003;942.3;945.1;947.5;938.9
12/5/2003;945.1;933.4;946.8;929.3
9/5/2003;933.4;920.3;933.8;920.3
8/5/2003;920.3;929.6;929.6;919.7
7/5/2003;929.6;934.4;937.2;926.4
6/5/2003;934.4;926.5;939.6;926.4
5/5/2003;926.5;930.1;933.9;924.5
2/5/2003;930.1;916.3;930.6;912.4
1/5/2003;916.3;916.9;919.7;902.8
30/4/2003;916.9;917.8;922;911.7
29/4/2003;917.8;914.8;924.2;911.1
28/4/2003;914.8;898.8;918.1;898.8
25/4/2003;898.8;911.4;911.4;897.5
24/4/2003;911.4;919;919;906.7
23/4/2003;919;911.4;919.7;909.9
22/4/2003;911.4;892;911.7;886.7
21/4/2003;892;893.6;898;888.2
17/4/2003;893.6;879.9;893.8;879.2
16/4/2003;879.9;890.8;896.8;877.9
15/4/2003;890.8;885.2;891.3;881.9
14/4/2003;885.2;868.3;885.3;868.3
11/4/2003;868.3;871.6;883.3;865.9
10/4/2003;871.6;866;871.8;862.8
9/4/2003;866;878.3;887.4;865.7
8/4/2003;878.3;879.9;883.1;874.7
7/4/2003;879.9;878.9;904.9;878.9
4/4/2003;878.9;876.5;882.7;874.2
3/4/2003;876.5;880.9;885.9;876.1
2/4/2003;880.9;858.5;884.6;858.5
1/4/2003;858.5;848.2;861.3;847.9
31/3/2003;848.2;863.5;863.5;843.7
28/3/2003;863.5;868.5;869.9;860.8
27/3/2003;868.5;870;874.1;858.1
26/3/2003;870;874.7;875.8;866.5
25/3/2003;874.7;864.2;879.9;862.6
24/3/2003;864.2;895.8;895.8;862
21/3/2003;895.8;875.8;895.9;875.8
20/3/2003;875.7;874;879.6;859
19/3/2003;874;866.5;875;861.2
18/3/2003;866.5;862.8;866.9;857.4
17/3/2003;862.8;833.3;862.8;827.2
14/3/2003;833.3;831.9;841.4;828.3
13/3/2003;831.9;804.2;832;804.2
12/3/2003;804.2;800.7;804.2;788.9
11/3/2003;800.7;807.5;814.2;800.3
10/3/2003;807.5;828.9;828.9;806.6
7/3/2003;828.9;822.1;829.5;811.2
6/3/2003;822.1;829.9;829.9;819.9
5/3/2003;829.9;822;829.9;819
4/3/2003;822;834.8;835.4;822
3/3/2003;834.8;841.1;852.3;832.7
28/2/2003;841.1;837.3;847;837.3
27/2/2003;837.3;827.5;842.2;827.5
26/2/2003;827.5;838.6;840.1;826.7
25/2/2003;838.6;832.6;839.5;818.5
24/2/2003;832.6;848.2;848.2;832.2
21/2/2003;848.2;837.1;852.3;831.5
20/2/2003;837.1;845.1;849.4;836.6
19/2/2003;845.1;851.2;851.2;838.8
18/2/2003;851.2;834.9;852.9;834.9
14/2/2003;834.9;817.4;834.9;815
13/2/2003;817.4;818.7;821.2;806.3
12/2/2003;818.7;829.2;832.1;818.5
11/2/2003;829.2;836;843;825.1
10/2/2003;836;829.7;837.2;823.5
7/2/2003;829.7;838.1;845.7;826.7
6/2/2003;838.1;843.6;844.2;833.2
5/2/2003;843.6;848.2;861.6;842.1
4/2/2003;848.2;860.3;860.3;840.2
3/2/2003;860.3;855.7;864.6;855.7
31/1/2003;855.7;844.6;858.3;840.3
30/1/2003;844.6;864.4;865.5;843.7
29/1/2003;864.4;858.5;868.7;845.9
28/1/2003;858.5;847.5;860.8;847.5
27/1/2003;847.5;861.4;864;844.2
24/1/2003;861.4;887.3;887.3;859.7
23/1/2003;887.3;878.4;890.2;876.9
22/1/2003;878.4;887.6;889.7;877.6
21/1/2003;887.6;901.8;906;887.6
17/1/2003;901.8;914.6;914.6;899
16/1/2003;914.6;918.2;926;912
15/1/2003;918.2;931.7;932.6;916.7
14/1/2003;931.7;926.3;931.7;921.7
13/1/2003;926.3;927.6;935;922
10/1/2003;927.6;927.6;932.9;917.7
9/1/2003;927.6;909.9;928.3;909.9
8/1/2003;909.9;922.9;922.9;908.3
7/1/2003;922.9;929;930.8;919.9
6/1/2003;929;908.6;931.8;908.6
3/1/2003;908.6;909;911.2;903.1
2/1/2003;909;879.8;909;879.8
31/12/2002;879.8;879.4;881.9;869.5
30/12/2002;879.4;875.4;882.1;870.2
27/12/2002;875.4;889.7;890.5;873.6
26/12/2002;889.7;892.5;903.9;887.5
24/12/2002;892.5;897.4;897.4;892.3
23/12/2002;897.4;895.7;902.4;892.3
20/12/2002;895.8;884.2;897.8;884.2
19/12/2002;884.2;890;899.2;880.3
18/12/2002;891.1;903;903;887.8
17/12/2002;903;910.4;911.2;901.7
16/12/2002;910.4;889.5;910.4;889.5
13/12/2002;889.5;901.6;901.6;888.5
12/12/2002;901.6;905;908.4;897
11/12/2002;905;904.5;909.9;896.5
10/12/2002;904.5;892;905;892
9/12/2002;892;912.2;912.2;892
6/12/2002;912.2;906.5;915.5;896
5/12/2002;906.5;917.6;921.5;905.9
4/12/2002;917.6;920.8;925.2;909.5
3/12/2002;920.8;934.5;934.5;918.7
2/12/2002;934.5;936.3;954.3;927.7
29/11/2002;936.3;938.9;941.8;935.6
27/11/2002;938.9;913.3;940.4;913.3
26/11/2002;913.3;932.9;932.9;912.1
25/11/2002;932.9;930.5;937.1;923.3
22/11/2002;930.5;933.8;937.3;928.4
21/11/2002;933.8;914.1;935.1;914.1
20/11/2002;914.1;896.7;915;894.9
19/11/2002;896.7;900.4;905.5;893.1
18/11/2002;900.4;909.8;915.9;899.5
15/11/2002;909.8;904.3;910.2;895.4
14/11/2002;904.3;882.5;904.3;882.5
13/11/2002;882.5;883;892.5;872
12/11/2002;883;876.2;894.3;876.2
11/11/2002;876.2;894.7;894.7;874.6
8/11/2002;894.7;902.6;910.1;891.6
7/11/2002;902.6;923.8;923.8;898.7
6/11/2002;923.8;915.4;925.7;905
5/11/2002;915.4;908.4;915.8;904.9
4/11/2002;908.4;901;924.6;901
1/11/2002;901;885.8;903.4;877.7
31/10/2002;885.8;890.7;898.8;879.8
30/10/2002;890.7;882.1;895.3;879.2
29/10/2002;882.1;890.2;890.6;867.9
28/10/2002;890.2;897.6;907.4;886.1
25/10/2002;897.6;882.5;897.7;877
24/10/2002;882.5;896.1;902.9;879
23/10/2002;896.1;890.2;896.1;873.8
22/10/2002;890.2;899.7;899.7;882.4
21/10/2002;899.7;884.4;900.7;873.1
18/10/2002;884.4;879.2;886.7;866.6
17/10/2002;879.2;860;885.4;860
16/10/2002;860;881.3;881.3;856.3
15/10/2002;881.3;841.4;881.3;841.4
14/10/2002;841.4;835.3;844.4;828.4
11/10/2002;835.3;803.9;843.3;803.9
10/10/2002;803.9;776.8;806.5;768.6
9/10/2002;776.8;798.5;798.5;775.8
8/10/2002;798.5;785.3;808.9;779.5
7/10/2002;785.3;800.6;808.2;783
4/10/2002;800.6;819;825.9;794.1
3/10/2002;819;827.9;840;817.2
2/10/2002;827.9;843.8;851.9;826.5
1/10/2002;847.9;815.3;847.9;812.8
30/9/2002;815.3;827.4;827.4;800.2
27/9/2002;827.4;855;855;826.8
26/9/2002;855;839.7;856.6;839.7
25/9/2002;839.7;819.3;844.2;818.5
24/9/2002;819.3;833.7;833.7;817.4
23/9/2002;833.7;845.4;845.4;825.8
20/9/2002;845.4;843.3;849.3;839.1
19/9/2002;843.3;869.5;869.5;843.1
18/9/2002;869.5;873.5;878.5;857.4
17/9/2002;873.5;891.1;902.7;872.4
16/9/2002;891.1;889.8;891.8;878.9
13/9/2002;889.8;886.9;892.8;877
12/9/2002;886.9;909.5;909.5;884.8
11/9/2002;909.5;910.6;924;908.5
10/9/2002;909.6;903;909.9;900.5
9/9/2002;903;893.9;907.3;882.9
6/9/2002;893.9;879.1;899.1;879.1
5/9/2002;879.1;893.4;893.4;870.5
4/9/2002;893.4;878;896.1;875.7
3/9/2002;878;916.1;916.1;877.5
30/8/2002;916.1;917.8;928.1;910.2
29/8/2002;917.8;917.9;924.6;903.3
28/8/2002;917.9;934.8;934.8;913.2
27/8/2002;934.8;948;955.8;930.4
26/8/2002;948;940.9;950.8;930.4
23/8/2002;940.9;962.7;962.7;937.2
22/8/2002;962.7;949.4;965;946.4
21/8/2002;949.4;937.4;951.6;931.3
20/8/2002;937.4;950.7;950.7;931.9
19/8/2002;950.7;928.8;951.2;927.2
16/8/2002;928.8;930.2;935.4;916.2
15/8/2002;930.2;919.6;933.3;918.2
14/8/2002;919.6;884.2;920.2;876.2
13/8/2002;884.2;903.8;911.7;883.6
12/8/2002;903.8;908.6;908.6;892.4
9/8/2002;908.6;905.5;914;890.8
8/8/2002;905.5;876.8;905.8;875.2
7/8/2002;876.8;859.6;878.7;854.1
6/8/2002;859.6;834.6;874.4;834.6
5/8/2002;834.6;864.2;864.2;833.4
2/8/2002;864.2;884.7;884.7;854
1/8/2002;884.7;911.6;911.6;882.6
31/7/2002;911.6;902.8;911.6;889.9
30/7/2002;902.8;899;909.8;884.7
29/7/2002;899;852.8;899;852.8
26/7/2002;852.8;838.7;852.9;835.9
25/7/2002;838.7;843.4;853.8;816.1
24/7/2002;843.4;797.7;844.3;775.7
23/7/2002;797.7;819.9;827.7;796.1
22/7/2002;819.9;847.8;854.1;813.3
19/7/2002;847.8;864.1;881.6;842.1
18/7/2002;881.6;906;907.8;880.6
17/7/2002;906;901;926.5;895
16/7/2002;901;917.9;918.6;897.1
15/7/2002;917.9;921.4;921.4;876.5
12/7/2002;921.4;927.4;934.3;913.7
11/7/2002;927.4;920.5;929.2;900.9
10/7/2002;920.5;952.8;956.3;920.3
9/7/2002;952.8;977;979.6;951.7
8/7/2002;977;989;993.6;972.9
5/7/2002;989;965.8;989.1;954
3/7/2002;954;948.1;954.3;934.9
2/7/2002;948.1;968.6;968.6;945.5
1/7/2002;968.6;989.8;994.5;967.4
28/6/2002;989.8;990.6;1001.8;988.3
27/6/2002;990.6;973.5;990.7;963.7
26/6/2002;973.5;976.1;977.4;952.9
25/6/2002;976.1;992.7;1005.9;974.2
24/6/2002;992.7;989.1;1002.1;970.9
21/6/2002;989.1;1006.3;1006.3;985.6
20/6/2002;1006.3;1020;1023.3;1004.6
19/6/2002;1020;1037.1;1037.6;1017.9
18/6/2002;1037.1;1036.2;1040.8;1030.9
17/6/2002;1036.2;1007.3;1036.2;1007.3
14/6/2002;1007.3;1009.6;1009.6;981.6
13/6/2002;1009.6;1020.3;1023.5;1008.1
12/6/2002;1020.3;1013.6;1021.9;1002.6
11/6/2002;1013.6;1030.7;1039;1012.9
10/6/2002;1030.7;1027.5;1038.2;1025.5
7/6/2002;1027.5;1029.2;1033;1012.5
6/6/2002;1029.2;1049.9;1049.9;1026.9
5/6/2002;1049.9;1040.7;1050.1;1038.8
4/6/2002;1040.7;1040.7;1046.1;1030.5
3/6/2002;1040.7;1067.1;1070.7;1039.9
31/5/2002;1067.1;1064.7;1079.9;1064.7
30/5/2002;1064.7;1067.7;1069.5;1054.3
29/5/2002;1067.7;1074.5;1074.8;1067.7
28/5/2002;1074.5;1083.8;1086;1070.3
24/5/2002;1083.8;1097.1;1097.1;1082.2
23/5/2002;1097.1;1086;1097.1;1080.5
22/5/2002;1086;1079.9;1086;1075.6
21/5/2002;1079.9;1091.9;1099.5;1079.1
20/5/2002;1091.9;1106.6;1106.6;1090.6
17/5/2002;1106.6;1098.2;1106.6;1096.8
16/5/2002;1098.2;1091.1;1099.3;1089.2
15/5/2002;1091.1;1097.3;1104.2;1088.9
14/5/2002;1097.3;1074.6;1097.7;1074.6
13/5/2002;1074.6;1055;1074.8;1053.9
10/5/2002;1055;1073;1075.4;1053.9
9/5/2002;1073;1088.8;1088.8;1072.2
8/5/2002;1088.8;1049.5;1088.9;1049.5
7/5/2002;1049.5;1052.7;1058.7;1049
6/5/2002;1052.7;1073.4;1075.9;1052.7
3/5/2002;1073.4;1084.6;1084.6;1068.9
2/5/2002;1084.6;1086.5;1091.4;1079.5
1/5/2002;1086.5;1076.9;1088.3;1065.3
30/4/2002;1076.9;1065.5;1082.6;1063.5
29/4/2002;1065.5;1076.3;1079;1063.6
26/4/2002;1076.3;1091.5;1096.8;1076.3
25/4/2002;1091.5;1093.1;1094.4;1084.8
24/4/2002;1093.1;1101;1108.5;1092.5
23/4/2002;1101;1107.8;1111.2;1098.9
22/4/2002;1107.8;1125.2;1125.2;1105.6
19/4/2002;1125.2;1124.5;1128.8;1122.7
18/4/2002;1124.5;1126.1;1130.5;1109.5
17/4/2002;1126.1;1128.4;1132.9;1123.4
16/4/2002;1128.4;1102.5;1129.4;1102.5
15/4/2002;1102.5;1111;1114.9;1099.4
12/4/2002;1111;1103.7;1112.8;1102.7
11/4/2002;1103.7;1130.5;1130.5;1102.4
10/4/2002;1130.5;1119.1;1131.8;1118.4
9/4/2002;1117.8;1125.5;1128.3;1116.7
8/4/2002;1125.3;1122.7;1125.4;1111.8
5/4/2002;1122.7;1127.7;1133.3;1119.5
4/4/2002;1126.3;1125;1130.5;1120.1
3/4/2002;1125.4;1137.5;1138.8;1119.7
2/4/2002;1136.8;1143;1143;1135.7
1/4/2002;1146.5;1146;1147.8;1132.9
28/3/2002;1147.4;1146.3;1154.5;1144.6
27/3/2002;1144.6;1137.5;1147;1135.3
26/3/2002;1138.5;1131.6;1147;1131.6
25/3/2002;1131.9;1149.3;1151;1131.9
22/3/2002;1148.7;1153.3;1156.5;1144.6
21/3/2002;1153.6;1151.5;1155.1;1139.9
20/3/2002;1151.8;1170.2;1170.2;1151.6
19/3/2002;1170.3;1165.5;1173.9;1165.5
18/3/2002;1165.5;1166.2;1172.7;1159.1
15/3/2002;1166.2;1153.5;1166.5;1153.5
14/3/2002;1153;1154.2;1157.8;1151.1
13/3/2002;1154.1;1163;1164.3;1151
12/3/2002;1165.6;1168.3;1168.3;1154.3
11/3/2002;1168.3;1164;1173;1159.6
8/3/2002;1164.3;1161.1;1172.8;1159.8
7/3/2002;1157.5;1164.7;1167.9;1150.7
6/3/2002;1162.8;1145.9;1165.3;1145.1
5/3/2002;1146.1;1153;1157.7;1144.8
4/3/2002;1153.8;1130.9;1153.8;1130.9
1/3/2002;1131.8;1108.7;1131.8;1108.7
28/2/2002;1106.7;1110.8;1121.6;1106.7
27/2/2002;1109.9;1111.2;1123.1;1102.3
26/2/2002;1109.4;1110.3;1115;1101.7
25/2/2002;1109.4;1090.8;1112.7;1089.8
22/2/2002;1089.8;1078.2;1093.9;1074.4
21/2/2002;1081;1094.3;1101.5;1080.2
20/2/2002;1098;1084.7;1098.3;1074.4
19/2/2002;1083.3;1102.2;1102.2;1082.2
15/2/2002;1104.2;1116.7;1117.1;1103.2
14/2/2002;1116.5;1118.5;1124.7;1112.3
13/2/2002;1118.5;1107.5;1120.6;1107.5
12/2/2002;1107.5;1106.2;1112.7;1103
11/2/2002;1111.9;1095.4;1112;1094.7
8/2/2002;1096.2;1082.4;1096.3;1079.9
7/2/2002;1080.2;1083.3;1094;1078.4
6/2/2002;1083.5;1091.5;1093.6;1077.8
5/2/2002;1090;1088.7;1101;1082.6
4/2/2002;1094.4;1118;1122.2;1092.2
1/2/2002;1122.2;1127.4;1130.2;1118.5
31/1/2002;1130.2;1117.8;1130.2;1113.3
30/1/2002;1113.6;1100.2;1113.8;1081.7
29/1/2002;1100.6;1133.8;1137.5;1098.7
28/1/2002;1133.1;1136.3;1138.6;1126.7
25/1/2002;1133.3;1129.3;1138.3;1127.8
24/1/2002;1132.2;1133.4;1139.5;1128.2
23/1/2002;1128.2;1122.2;1131.9;1117.4
22/1/2002;1119.3;1135.3;1135.3;1117.9
18/1/2002;1127.6;1127.5;1138.9;1124.5
17/1/2002;1138.9;1135.7;1139.3;1127.6
16/1/2002;1127.6;1139.2;1146.2;1127.5
15/1/2002;1146.2;1140.8;1148.8;1136.9
14/1/2002;1138.4;1143;1145.6;1138.2
11/1/2002;1145.6;1158.5;1159.4;1145.5
10/1/2002;1156.5;1154.3;1159.9;1150.8
9/1/2002;1155.1;1163.8;1174.3;1151.9
8/1/2002;1160.7;1165.3;1167.6;1157.5
7/1/2002;1164.9;1174.7;1177;1163.5
4/1/2002;1172.5;1171.1;1176.5;1163.4
3/1/2002;1165.3;1155.5;1165.3;1154
2/1/2002;1154.7;1149;1154.7;1136.2
31/12/2001;1148.1;1158.3;1161.2;1148
28/12/2001;1161;1157.1;1164.6;1157.1
27/12/2001;1157.1;1149.4;1157.1;1149.4
26/12/2001;1149.4;1144.7;1159.2;1144.7
24/12/2001;1144.7;1145;1147.8;1144.6
21/12/2001;1144.9;1139.9;1147.8;1139.9
20/12/2001;1139.9;1148.9;1151.4;1139.9
19/12/2001;1149.6;1136.3;1152.4;1134.8
18/12/2001;1142.9;1134.4;1145.1;1134.4
17/12/2001;1134.4;1123.1;1137.4;1122.3
14/12/2001;1123.1;1117.9;1128.3;1114.5
13/12/2001;1119.4;1127.6;1137.1;1117.8
12/12/2001;1137.1;1139.3;1141.5;1126.1
11/12/2001;1136.8;1139.9;1150.9;1134.3
10/12/2001;1139.9;1152.4;1158.3;1139.7
7/12/2001;1158.3;1162.5;1167.1;1152.7
6/12/2001;1167.1;1168.1;1173.3;1164.4
5/12/2001;1170.3;1151.4;1173.6;1143.8
4/12/2001;1144.8;1134.5;1144.8;1128.9
3/12/2001;1129.9;1139.5;1139.5;1125.8
30/11/2001;1139.5;1140;1143.6;1135.9
29/11/2001;1140.2;1131;1140.4;1125.5
28/11/2001;1128.5;1143.1;1149.5;1128.3
27/11/2001;1149.5;1152.1;1163.4;1140.8
26/11/2001;1157.4;1150.3;1157.9;1146.2
23/11/2001;1150.3;1137;1151;1135.9
21/11/2001;1137;1140.2;1142.7;1129.8
20/11/2001;1142.7;1149;1152.5;1142.2
19/11/2001;1151.1;1143.9;1151.1;1138.7
16/11/2001;1138.7;1142.2;1143.5;1129.9
15/11/2001;1142.2;1141.2;1146.5;1135.1
14/11/2001;1141.2;1146.3;1148.3;1132.9
13/11/2001;1139.1;1118.3;1139.1;1118.3
12/11/2001;1118.3;1112.7;1121.7;1098.3
9/11/2001;1120.3;1117.6;1123;1111.1
8/11/2001;1118.5;1115.8;1135.8;1115.4
7/11/2001;1115.8;1118.9;1126.6;1113
6/11/2001;1118.9;1102.8;1119.7;1095.4
5/11/2001;1102.8;1087.2;1106.7;1087.2
2/11/2001;1087.2;1080.5;1089.6;1075.6
1/11/2001;1084.1;1063.1;1085.6;1054.3
31/10/2001;1059.8;1066.4;1074.8;1057.5
30/10/2001;1059.8;1078.3;1078.3;1053.6
29/10/2001;1078.3;1099.8;1104.6;1078.3
26/10/2001;1104.6;1096.2;1110.6;1094.2
25/10/2001;1100.1;1072.7;1100.1;1065.6
24/10/2001;1085.2;1085.2;1090.3;1080
23/10/2001;1084.8;1093.9;1099;1081.5
22/10/2001;1089.9;1073.5;1090.6;1070.3
19/10/2001;1073.5;1066.6;1075.5;1057.2
18/10/2001;1068.6;1074.4;1077.9;1064.5
17/10/2001;1077.1;1107.6;1107.1;1076.6
16/10/2001;1097.5;1093.7;1101.7;1087.1
15/10/2001;1090;1083.4;1091.7;1078.2
12/10/2001;1091.7;1088.4;1097.4;1072.2
11/10/2001;1097.4;1081;1099.2;1081
10/10/2001;1081;1055.3;1081.6;1052.7
9/10/2001;1056.8;1062.9;1063.4;1053.8
8/10/2001;1062.4;1060.3;1071.4;1056.9
5/10/2001;1071.4;1069.6;1072.3;1053.5
4/10/2001;1069.6;1072.3;1084.1;1067.8
3/10/2001;1072.3;1042.9;1075.4;1041.5
2/10/2001;1051.3;1037.6;1051.3;1034.5
1/10/2001;1038.5;1037.9;1040.9;1026.8
28/9/2001;1040.9;1028.5;1040.9;1018.6
27/9/2001;1018.6;1007;1018.9;998.2
26/9/2001;1007;1012.3;1020.3;1002.6
25/9/2001;1012.3;1003.5;1017.1;998.3
24/9/2001;1003.5;965.8;1008.4;965.8
21/9/2001;965.8;984.5;984.5;944.8
20/9/2001;984.5;1016.1;1016.1;984.5
19/9/2001;1016.1;1032.7;1038.9;984.6
18/9/2001;1032.7;1038.8;1046.4;1029.2
17/9/2001;1038.8;1092.5;1092.5;1037.5
10/9/2001;1092.5;1085.8;1096.9;1073.2
7/9/2001;1085.8;1106.4;1106.4;1082.1
6/9/2001;1106.4;1131.7;1131.7;1105.8
5/9/2001;1131.7;1132.9;1135.5;1114.9
4/9/2001;1132.9;1133.6;1155.4;1129.1
31/8/2001;1133.6;1129;1141.8;1126.4
30/8/2001;1129;1148.6;1151.8;1124.9
29/8/2001;1148.6;1161.5;1167;1147.4
28/8/2001;1161.5;1179.2;1179.7;1161.2
27/8/2001;1179.2;1184.9;1186.8;1178.1
24/8/2001;1184.9;1162.1;1185.2;1162.1
23/8/2001;1162.1;1165.3;1169.9;1161
22/8/2001;1165.3;1157.3;1168.6;1153.3
21/8/2001;1157.3;1171.4;1179.8;1156.6
20/8/2001;1171.4;1162;1171.4;1160.9
17/8/2001;1162;1181.7;1181.7;1156.1
16/8/2001;1181.7;1178;1181.8;1166.1
15/8/2001;1178;1186.7;1191.2;1177.6
14/8/2001;1186.7;1191.3;1198.8;1184.3
13/8/2001;1191.3;1190.2;1193.8;1185.1
10/8/2001;1190.2;1183.4;1193.3;1169.5
9/8/2001;1183.4;1183.5;1184.7;1174.7
8/8/2001;1183.5;1204.4;1206.8;1181.3
7/8/2001;1204.4;1200.5;1207.6;1195.6
6/8/2001;1200.5;1214.3;1214.3;1197.3
3/8/2001;1214.3;1220.8;1220.8;1205.3
2/8/2001;1220.8;1215.9;1226.3;1215.3
1/8/2001;1215.9;1211.2;1223;1211.2
31/7/2001;1211.2;1204.5;1222.7;1204.5
30/7/2001;1204.5;1205.8;1209;1200.4
27/7/2001;1205.8;1202.9;1209.3;1196
26/7/2001;1202.9;1190.5;1204.2;1182.7
25/7/2001;1190.5;1171.7;1190.5;1171.3
24/7/2001;1171.7;1191;1191;1165.5
23/7/2001;1191;1210.8;1215.2;1190.5
20/7/2001;1210.8;1215;1215.7;1207
19/7/2001;1215;1207.7;1225;1205.8
18/7/2001;1207.7;1214.4;1214.4;1198.3
17/7/2001;1214.4;1202.5;1215.4;1196.1
16/7/2001;1202.5;1215.7;1219.6;1200
13/7/2001;1215.7;1208.1;1218.5;1203.6
12/7/2001;1208.1;1180.2;1210.2;1180.2
11/7/2001;1180.2;1181.5;1184.9;1168.5
10/7/2001;1181.5;1198.8;1203.4;1179.9
9/7/2001;1198.8;1190.6;1201.8;1189.8
6/7/2001;1190.6;1219.2;1219.2;1188.7
5/7/2001;1219.2;1234.5;1234.5;1219.2
3/7/2001;1234.5;1236.7;1236.7;1229.4
2/7/2001;1236.7;1224.4;1239.8;1224
29/6/2001;1224.4;1226.2;1237.3;1221.1
28/6/2001;1226.2;1211.1;1234.4;1211.1
27/6/2001;1211.1;1216.8;1219.9;1207.3
26/6/2001;1216.8;1218.6;1220.7;1204.6
25/6/2001;1218.6;1225.3;1231.5;1213.6
22/6/2001;1225.3;1237;1237.7;1221.4
21/6/2001;1237;1223.1;1240.2;1220.2
20/6/2001;1223.1;1212.6;1225.6;1210.1
19/6/2001;1212.6;1208.4;1226.1;1207.7
18/6/2001;1208.4;1214.4;1221.2;1208.3
15/6/2001;1214.4;1219.9;1221.5;1203
14/6/2001;1219.9;1241.6;1241.6;1218.9
13/6/2001;1241.6;1255.8;1259.8;1241.6
12/6/2001;1255.8;1254.4;1261;1235.8
11/6/2001;1254.4;1265;1265;1249.2
8/6/2001;1265;1277;1277.1;1260
7/6/2001;1277;1270;1277.1;1265.1
6/6/2001;1270;1283.6;1283.8;1269
5/6/2001;1283.6;1267.1;1286.6;1267.1
4/6/2001;1267.1;1260.7;1267.2;1256.4
1/6/2001;1260.7;1255.8;1265.3;1246.9
31/5/2001;1255.8;1248.1;1261.9;1248.1
30/5/2001;1248.1;1267.9;1267.9;1246
29/5/2001;1267.9;1277.9;1278.4;1265.4
25/5/2001;1277.9;1293.2;1293.2;1276.4
24/5/2001;1293.2;1289;1295;1281.2
23/5/2001;1289;1309.4;1309.4;1288.7
22/5/2001;1309.4;1312.8;1315.9;1306.9
21/5/2001;1312.8;1292;1313;1287.9
18/5/2001;1292;1288.5;1292.1;1281.2
17/5/2001;1288.5;1285;1296.5;1282.7
16/5/2001;1285;1249.4;1286.4;1243
15/5/2001;1249.4;1248.9;1257.5;1245.4
14/5/2001;1248.9;1245.7;1249.7;1241
11/5/2001;1245.7;1255.2;1259.8;1240.8
10/5/2001;1255.2;1255.5;1268.1;1254.6
9/5/2001;1255.5;1261.2;1261.7;1247.8
8/5/2001;1261.2;1266.7;1267;1253
7/5/2001;1263.5;1266.6;1270;1259.2
4/5/2001;1266.6;1248.6;1267.5;1232
3/5/2001;1248.6;1267.4;1267.4;1239.9
2/5/2001;1267.4;1266.4;1272.9;1257.7
1/5/2001;1266.4;1249.5;1266.5;1243.5
30/4/2001;1249.5;1253;1269.3;1244
27/4/2001;1253;1234.5;1253.1;1234.5
26/4/2001;1234.5;1228.8;1248.3;1228.8
25/4/2001;1228.8;1209.5;1232.4;1207.4
24/4/2001;1209.5;1224.4;1233.5;1208.9
23/4/2001;1224.4;1243;1243;1217.5
20/4/2001;1243;1253.7;1253.7;1234.4
19/4/2001;1253.7;1238.2;1253.7;1233.4
18/4/2001;1238.2;1191.8;1248.4;1191.8
17/4/2001;1191.8;1179.7;1192.2;1168.9
16/4/2001;1179.7;1183.5;1184.6;1167.4
12/4/2001;1183.5;1165.9;1183.5;1157.7
11/4/2001;1165.9;1168.4;1182.2;1160.3
10/4/2001;1168.4;1137.6;1173.9;1137.6
9/4/2001;1137.6;1128.4;1146.1;1126.4
6/4/2001;1128.4;1151.4;1151.4;1119.3
5/4/2001;1151.4;1103.2;1151.5;1103.2
4/4/2001;1103.2;1106.5;1117.5;1092
3/4/2001;1106.5;1145.9;1145.9;1100.2
2/4/2001;1145.9;1160.3;1169.5;1137.5
30/3/2001;1160.3;1148;1162.8;1143.8
29/3/2001;1148;1153.3;1161.7;1136.3
28/3/2001;1153.3;1182.2;1182.2;1147.8
27/3/2001;1182.2;1152.7;1183.4;1151
26/3/2001;1152.7;1139.8;1160;1139.8
23/3/2001;1139.8;1117.6;1141.8;1117.6
22/3/2001;1117.6;1122.1;1124.3;1081.2
21/3/2001;1122.1;1142.6;1149.4;1118.7
20/3/2001;1142.6;1170.8;1180.6;1142.2
19/3/2001;1170.8;1150.5;1173.5;1147.2
16/3/2001;1150.5;1173.6;1173.6;1148.6
15/3/2001;1173.6;1166.7;1182;1166.7
14/3/2001;1166.7;1197.7;1197.7;1155.3
13/3/2001;1197.7;1180.2;1197.8;1171.5
12/3/2001;1180.2;1233.4;1233.4;1176.8
9/3/2001;1233.4;1264.7;1264.7;1228.4
8/3/2001;1264.7;1261.9;1266.5;1257.6
7/3/2001;1261.9;1253.8;1263.9;1253.8
6/3/2001;1253.8;1241.4;1267.4;1241.4
5/3/2001;1241.4;1234.2;1242.5;1234
2/3/2001;1234.2;1241.2;1251;1219.7
1/3/2001;1241.2;1239.9;1241.4;1214.5
28/2/2001;1239.9;1257.9;1263.5;1229.7
27/2/2001;1257.9;1267.7;1272.8;1252.3
26/2/2001;1267.7;1245.9;1267.7;1241.7
23/2/2001;1245.9;1252.8;1252.8;1215.4
22/2/2001;1252.8;1255.3;1259.9;1228.3
21/2/2001;1255.3;1278.9;1283;1253.2
20/2/2001;1278.9;1301.5;1307.2;1278.4
16/2/2001;1301.5;1326.6;1326.6;1293.2
15/2/2001;1326.6;1315.9;1331.3;1315.9
14/2/2001;1315.9;1318.8;1320.7;1304.7
13/2/2001;1318.8;1330.3;1336.6;1317.5
12/2/2001;1330.3;1314.8;1331;1313.6
9/2/2001;1314.8;1332.5;1332.5;1310
8/2/2001;1332.5;1341.1;1350.3;1332.4
7/2/2001;1340.9;1352.3;1352.3;1334.3
6/2/2001;1352.3;1354.3;1363.5;1350
5/2/2001;1354.3;1349.5;1354.6;1344.5
2/2/2001;1349.5;1373.5;1376.4;1348.7
1/2/2001;1373.5;1366;1373.5;1359.3
31/1/2001;1366;1373.7;1383.4;1364.7
30/1/2001;1373.7;1364.2;1375.7;1356.2
29/1/2001;1364.2;1354.9;1365.5;1350.4
26/1/2001;1355;1357.5;1357.5;1342.8
25/1/2001;1357.5;1364.3;1367.3;1354.6
24/1/2001;1364.3;1360.4;1369.8;1357.3
23/1/2001;1360.4;1342.9;1362.9;1339.6
22/1/2001;1342.9;1342.5;1353.6;1333.8
19/1/2001;1342.5;1348;1354.5;1336.7
18/1/2001;1348;1329.9;1352.7;1327.4
17/1/2001;1329.5;1326.7;1346.9;1325.4
16/1/2001;1326.7;1318.3;1327.8;1313.3
12/1/2001;1318.3;1326.8;1333.2;1311.6
11/1/2001;1326.8;1313.3;1332.2;1309.7
10/1/2001;1313.3;1300.8;1313.8;1287.3
9/1/2001;1300.8;1295.9;1311.7;1295.1
8/1/2001;1295.9;1298.3;1298.3;1276.3
5/1/2001;1298.3;1333.3;1334.8;1295
4/1/2001;1333.3;1347.6;1350.2;1329.1
3/1/2001;1347.6;1283.3;1347.8;1274.6
2/1/2001;1283.3;1320.3;1320.3;1276
29/12/2000;1320.3;1334.2;1340.1;1317.5
28/12/2000;1334.2;1328.9;1335.9;1325.8
27/12/2000;1328.9;1315.2;1332;1311
26/12/2000;1315.2;1306;1315.9;1301.6
22/12/2000;1306;1274.9;1306;1274.9
21/12/2000;1274.9;1264.7;1285.3;1254.1
20/12/2000;1264.7;1305.6;1305.6;1261.2
19/12/2000;1305.6;1323;1346.4;1305.2
18/12/2000;1322.7;1312.2;1332.3;1312.2
15/12/2000;1312.2;1340.9;1340.9;1305.4
14/12/2000;1340.9;1360;1360;1340.5
13/12/2000;1360;1371.2;1385.8;1358.5
12/12/2000;1371.2;1380.2;1380.3;1370.3
11/12/2000;1380.2;1369.9;1389;1364.1
8/12/2000;1369.9;1343.5;1380.3;1343.5
7/12/2000;1343.5;1351.5;1353.5;1339.3
6/12/2000;1351.5;1376.5;1376.5;1346.2
5/12/2000;1376.5;1325;1376.6;1325
4/12/2000;1325;1315.2;1332.1;1310.2
1/12/2000;1315.2;1315;1334.7;1307
30/11/2000;1315;1341.9;1341.9;1294.9
29/11/2000;1341.9;1336.1;1352.4;1329.3
28/11/2000;1336.1;1349;1358.8;1335
27/11/2000;1349;1341.8;1362.5;1341.8
24/11/2000;1341.8;1322.4;1343.8;1322.4
22/11/2000;1322.4;1347.3;1347.3;1321.9
21/11/2000;1347.3;1342.6;1355.9;1333.6
20/11/2000;1342.6;1367.7;1367.7;1341.7
17/11/2000;1367.7;1372.3;1384.8;1355.5
16/11/2000;1372.3;1389.8;1394.7;1370.4
15/11/2000;1389.8;1383;1396;1374.8
14/11/2000;1383;1351.3;1390.1;1351.3
13/11/2000;1351.3;1366;1366;1328.6
10/11/2000;1366;1400.1;1400.1;1366
9/11/2000;1400.1;1409.3;1409.3;1369.7
8/11/2000;1409.3;1431.9;1437.3;1408.8
7/11/2000;1431.9;1432.2;1436.2;1423.3
6/11/2000;1432.2;1428.8;1438.5;1427.7
3/11/2000;1426.7;1428.3;1433.2;1420.9
2/11/2000;1428.3;1421.2;1433.3;1421.1
1/11/2000;1421.2;1429.4;1429.6;1410.5
31/10/2000;1429.4;1398.7;1432.2;1398.7
30/10/2000;1398.7;1379.6;1406.4;1376.9
27/10/2000;1379.6;1364.4;1384.6;1364.1
26/10/2000;1364.4;1364.9;1372.7;1337.8
25/10/2000;1364.9;1398.1;1398.1;1362.2
24/10/2000;1398.1;1395.8;1415.6;1388.1
23/10/2000;1395.8;1396.9;1407;1387.8
20/10/2000;1396.9;1388.8;1408.5;1382.2
19/10/2000;1388.8;1342.1;1389.9;1342.1
18/10/2000;1342.1;1350;1356.7;1305.8
17/10/2000;1350;1374.6;1381;1342.3
16/10/2000;1374.6;1374.2;1379.5;1365.1
13/10/2000;1374.2;1329.8;1374.2;1326.8
12/10/2000;1329.8;1364.6;1374.9;1328.1
11/10/2000;1364.6;1387;1387;1349.7
10/10/2000;1387;1402;1408.8;1383.8
9/10/2000;1402;1409;1409.7;1392.5
6/10/2000;1409;1436.3;1443.3;1397.1
5/10/2000;1436.3;1434.3;1444.2;1431.8
4/10/2000;1434.3;1426.5;1440;1416.3
3/10/2000;1426.5;1436.2;1454.8;1425.3
2/10/2000;1436.2;1436.5;1445.5;1429.8
29/9/2000;1436.5;1458.3;1458.3;1436.5
28/9/2000;1458.3;1426.6;1461.7;1425.8
27/9/2000;1426.6;1427.2;1436.7;1419.5
26/9/2000;1427.2;1439;1447.7;1425.3
25/9/2000;1439;1448.7;1457.4;1436.1
22/9/2000;1448.7;1449;1449.4;1421.9
21/9/2000;1449;1451.3;1452.9;1436.2
20/9/2000;1451.3;1459.9;1460.7;1431
19/9/2000;1459.9;1444.5;1461;1444.5
18/9/2000;1444.5;1465.8;1467.9;1441.8
15/9/2000;1465.8;1480.9;1481;1460.2
14/9/2000;1480.9;1484.9;1494.3;1476.8
13/9/2000;1484.9;1482;1487.4;1474
12/9/2000;1482;1489.3;1496.6;1479.9
11/9/2000;1489.3;1494.5;1506.6;1483
8/9/2000;1494.5;1502.5;1502.5;1489.9
7/9/2000;1502.5;1492.2;1505.2;1492.2
6/9/2000;1492.2;1507.1;1512.4;1492.2
5/9/2000;1507.1;1520.8;1520.8;1504.2
1/9/2000;1520.8;1517.7;1530;1515.6
31/8/2000;1517.7;1502.6;1525.3;1502.6
30/8/2000;1502.6;1509.8;1510.4;1500.1
29/8/2000;1509.8;1514.1;1514.8;1505.5
28/8/2000;1514.1;1507;1523.9;1506.5
25/8/2000;1506.5;1508.3;1513.4;1505.2
24/8/2000;1508.3;1506;1511.2;1501.3
23/8/2000;1506;1498.1;1507.3;1489.4
22/8/2000;1498.1;1499.5;1508.2;1497.6
21/8/2000;1499.5;1491.7;1503;1491.1
18/8/2000;1491.7;1496.1;1499.5;1488.9
17/8/2000;1496.1;1479.8;1499.5;1479.8
16/8/2000;1479.8;1484.4;1494.7;1475.8
15/8/2000;1484.4;1491.6;1493;1482.8
14/8/2000;1491.6;1471.8;1491.6;1468.6
11/8/2000;1471.8;1460.2;1475.6;1452.9
10/8/2000;1460.2;1472.9;1475.2;1459.9
9/8/2000;1472.9;1482.8;1490.3;1471.2
8/8/2000;1482.8;1479.3;1484.5;1472.6
7/8/2000;1479.3;1462.9;1480.9;1460.8
4/8/2000;1462.9;1452.6;1462.9;1451.5
3/8/2000;1452.6;1438.7;1454.3;1426
2/8/2000;1438.7;1438.1;1451.6;1433.5
1/8/2000;1438.1;1430.8;1443.5;1428.8
31/7/2000;1430.8;1419.9;1437.6;1418.3
28/7/2000;1419.9;1449.6;1456.3;1414.2
27/7/2000;1449.6;1452.4;1464.8;1445.3
26/7/2000;1452.4;1474.5;1474.5;1452.4
25/7/2000;1474.5;1464.3;1476.3;1464.3
24/7/2000;1464.3;1480.2;1485.8;1463.8
21/7/2000;1480.2;1495.6;1495.6;1478
20/7/2000;1495.6;1482;1501.9;1482
19/7/2000;1482;1493.7;1495.5;1479.8
18/7/2000;1493.7;1510.5;1510.5;1491.4
17/7/2000;1510.5;1510;1517.2;1505.3
14/7/2000;1510;1495.8;1510;1494.7
13/7/2000;1495.8;1492.9;1501.4;1489.7
12/7/2000;1492.9;1480.9;1497.5;1480.9
11/7/2000;1480.9;1475.6;1488.9;1470.5
10/7/2000;1475.6;1478.9;1486.5;1474.7
7/7/2000;1478.9;1456.7;1485.2;1456.7
6/7/2000;1456.7;1446.2;1461.7;1439.6
5/7/2000;1446.2;1469.5;1469.5;1442.5
3/7/2000;1469.5;1454.6;1469.8;1450.8
30/6/2000;1454.6;1442.4;1454.7;1438.8
29/6/2000;1442.4;1454.8;1455.2;1434.6
28/6/2000;1454.8;1450.5;1467.6;1450.5
27/6/2000;1450.5;1455.3;1463.3;1450.5
26/6/2000;1455.3;1441.5;1462.3;1441.5
23/6/2000;1441.5;1452.2;1459.8;1438.3
22/6/2000;1452.2;1479.1;1479.1;1448.1
21/6/2000;1479.1;1476;1482.2;1468.5
20/6/2000;1476;1486;1487.2;1470.2
19/6/2000;1486;1464.5;1489;1459
16/6/2000;1464.5;1478.7;1481;1460.3
15/6/2000;1478.7;1470.5;1482;1464.5
14/6/2000;1470.5;1469.4;1483.6;1467.8
13/6/2000;1469.4;1446;1470.4;1442.5
12/6/2000;1446;1457;1463;1446
9/6/2000;1457;1461.7;1472.7;1454.9
8/6/2000;1461.7;1471.4;1475.6;1456.5
7/6/2000;1471.4;1457.8;1474.6;1455.2
6/6/2000;1457.8;1467.6;1471.3;1454.8
5/6/2000;1467.6;1477.3;1477.3;1464.7
2/6/2000;1477.3;1448.8;1483.4;1448.8
1/6/2000;1448.8;1420.6;1448.8;1420.6
31/5/2000;1420.6;1422.4;1434.6;1415.4
30/5/2000;1422.5;1378;1422.5;1377.8
26/5/2000;1378;1381.5;1391.5;1369.8
25/5/2000;1381.5;1399;1411.9;1374
24/5/2000;1399;1373.9;1401.4;1361.2
23/5/2000;1373.9;1400.7;1403.8;1373.4
22/5/2000;1400.7;1407;1410.3;1368.6
19/5/2000;1407;1437.2;1437.2;1401.7
18/5/2000;1437.2;1447.8;1458;1436.7
17/5/2000;1447.8;1466;1466;1441.6
16/5/2000;1466;1452.4;1470.4;1450.8
15/5/2000;1452.4;1421;1452.4;1417
12/5/2000;1421;1407.8;1430.2;1407.8
11/5/2000;1407.8;1383;1410.2;1383
10/5/2000;1383;1412.1;1412.1;1375.2
9/5/2000;1412.1;1424.2;1429.8;1401.9
8/5/2000;1424.2;1432.6;1432.6;1416.9
5/5/2000;1432.6;1409.6;1435.9;1405.2
4/5/2000;1409.6;1415.1;1420.5;1405
3/5/2000;1415.1;1446.3;1446.3;1398.4
2/5/2000;1446.3;1468.2;1468.2;1445.1
1/5/2000;1468.2;1452.4;1481.4;1452.4
28/4/2000;1452.4;1464.9;1473.4;1448.5
27/4/2000;1464.9;1461;1469.1;1434.8
26/4/2000;1461;1477.4;1482.8;1457.3
25/4/2000;1477.4;1429.9;1477.7;1429.9
24/4/2000;1429.9;1434.5;1434.5;1407.2
20/4/2000;1434.5;1427.5;1435.4;1422
19/4/2000;1427.5;1441.6;1447.7;1425.3
18/4/2000;1441.6;1401.4;1441.6;1397.6
17/4/2000;1401.4;1356.6;1401.5;1346.7
14/4/2000;1356.6;1440.5;1440.5;1339.4
13/4/2000;1440.5;1467.2;1477.4;1440.3
12/4/2000;1467.2;1500.6;1510.6;1466.2
11/4/2000;1500.6;1504.5;1512.8;1486.8
10/4/2000;1504.5;1516.3;1527.1;1503
7/4/2000;1516.3;1501.3;1518.7;1501.3
6/4/2000;1501.3;1487.4;1511.8;1487.4
5/4/2000;1487.4;1494.7;1506.5;1478.1
4/4/2000;1494.7;1506;1526.2;1417.2
3/4/2000;1506;1498.6;1507.1;1487.1
31/3/2000;1498.6;1487.9;1519.8;1484.5
30/3/2000;1487.9;1508.5;1517.4;1474.6
29/3/2000;1508.5;1507.7;1521.4;1497.3
28/3/2000;1507.7;1523.9;1527.2;1507.2
27/3/2000;1523.9;1527.5;1534.7;1518.6
24/3/2000;1527.5;1527.3;1553.1;1516.8
23/3/2000;1527.3;1500.6;1532.1;1493.8
22/3/2000;1500.6;1493.9;1505;1487.4
21/3/2000;1493.9;1456.6;1493.9;1446
20/3/2000;1456.6;1464.5;1470.2;1448.4
17/3/2000;1464.5;1458.5;1476.6;1453.2
16/3/2000;1458.5;1392.2;1458.5;1392.2
15/3/2000;1392.2;1359.2;1398;1357
14/3/2000;1359.2;1383.6;1395.3;1359.1
13/3/2000;1383.6;1395.1;1398.5;1365.3
10/3/2000;1395.1;1401.7;1413.4;1392.1
9/3/2000;1401.7;1366.7;1401.8;1357.8
8/3/2000;1366.7;1355.6;1373.6;1346.5
7/3/2000;1355.6;1391.3;1399.6;1349.6
6/3/2000;1391.3;1409.2;1409.8;1384.8
3/3/2000;1409.2;1381.8;1410.9;1381.8
2/3/2000;1381.8;1379.2;1386.9;1370.3
1/3/2000;1379.2;1366.4;1383;1366.4
29/2/2000;1366.4;1348;1369.5;1348
28/2/2000;1348;1333.4;1360.8;1325
25/2/2000;1333.4;1353.4;1362.1;1329.1
24/2/2000;1353.4;1360.7;1364.5;1329.9
23/2/2000;1360.7;1352.2;1370.1;1342.4
22/2/2000;1352.2;1346.1;1358.1;1332
18/2/2000;1346.1;1388.3;1388.3;1345.3
17/2/2000;1388.3;1387.7;1399.8;1380.1
16/2/2000;1387.7;1402;1404.7;1385.6
15/2/2000;1402;1389.9;1407.8;1376.2
14/2/2000;1389.9;1387.1;1394.9;1380.5
11/2/2000;1387.1;1416.8;1416.8;1379.2
10/2/2000;1416.8;1411.7;1422;1406.4
9/2/2000;1411.7;1443.3;1444.4;1411.6
8/2/2000;1441.7;1424.2;1442;1424.2
7/2/2000;1424.2;1424.4;1427.2;1413.3
4/2/2000;1424.4;1425;1436;1420.5
3/2/2000;1425;1409.1;1425.8;1398.5
2/2/2000;1409.1;1409.3;1420.5;1403.2
1/2/2000;1409.3;1394.5;1412.6;1384.8
31/1/2000;1394.5;1360.2;1394.5;1350
28/1/2000;1360.2;1398.6;1398.6;1356.1
27/1/2000;1398.6;1404.1;1419;1380.5
26/1/2000;1404.1;1410;1412.5;1400.1
25/1/2000;1410;1401.5;1414.3;1388.5
24/1/2000;1401.5;1441.4;1454.2;1395.4
21/1/2000;1441.4;1445.6;1452.8;1439.5
20/1/2000;1445.6;1455.9;1465.6;1438.6
19/1/2000;1455.9;1455.1;1462.2;1448.7
18/1/2000;1455.1;1465.2;1465.2;1451.2
14/1/2000;1465.2;1449.7;1473;1449.7
13/1/2000;1449.7;1432.2;1454.6;1432.2
12/1/2000;1432.2;1439.1;1445.3;1427.3
11/1/2000;1438.6;1457.6;1458.8;1434.4
10/1/2000;1457.6;1441.5;1464.4;1441.5
7/1/2000;1441.5;1403.5;1441.5;1400.5
6/1/2000;1403.5;1402.1;1411.9;1392
5/1/2000;1402.1;1399.4;1413.3;1377.7
4/1/2000;1399.4;1455.2;1455.2;1397.4
3/1/2000;1455.2;1469.2;1478.00;1438.4
